Alive_Robots,Mean_Battery,Total_Boxes,Red_Delivered,Green_Delivered,Blue_Delivered,Robot_Type,Step
90,299.1333333333333,16,0,0,0,random,0
90,298.2111111111111,16,0,0,0,random,1
90,297.25555555555553,16,0,0,0,random,2
90,296.35555555555555,12,0,0,0,random,3
90,295.4555555555556,7,0,0,0,random,4
90,294.55555555555554,4,0,0,0,random,5
90,293.6222222222222,5,0,0,0,random,6
90,292.64444444444445,4,0,0,0,random,7
90,291.6777777777778,3,0,0,0,random,8
90,290.68888888888887,3,0,0,0,random,9
90,289.7,3,0,0,0,random,10
90,288.7,3,0,0,0,random,11
90,287.85555555555555,4,1,0,0,random,12
90,286.8666666666667,4,1,0,0,random,13
90,285.8666666666667,4,1,0,0,random,14
90,285.18888888888887,4,1,0,2,random,15
90,284.2,3,1,0,2,random,16
90,283.2111111111111,3,1,0,2,random,17
90,282.23333333333335,4,1,0,2,random,18
90,281.23333333333335,4,1,0,2,random,19
90,280.4555555555556,3,1,0,3,random,20
90,279.4555555555556,4,1,0,3,random,21
90,278.46666666666664,3,1,0,3,random,22
90,277.9555555555556,3,1,1,4,random,23
90,277.0,4,1,1,4,random,24
90,276.02222222222224,4,1,1,4,random,25
90,275.03333333333336,3,1,1,4,random,26
90,274.6222222222222,4,3,1,4,random,27
90,273.94444444444446,3,4,1,4,random,28
90,272.96666666666664,3,4,1,4,random,29
90,272.3222222222222,4,4,1,5,random,30
90,272.65555555555557,4,5,2,7,random,31
90,271.6666666666667,4,5,2,7,random,32
90,270.6666666666667,5,5,2,7,random,33
90,269.7,3,5,2,7,random,34
90,268.7,3,5,2,7,random,35
90,267.73333333333335,4,5,2,7,random,36
90,267.53333333333336,4,6,2,8,random,37
90,266.5444444444444,3,6,2,8,random,38
90,265.96666666666664,4,6,3,8,random,39
90,264.97777777777776,4,6,3,8,random,40
90,263.97777777777776,4,6,3,8,random,41
90,262.9888888888889,5,6,3,8,random,42
90,261.9888888888889,5,6,3,8,random,43
90,261.0,5,6,3,8,random,44
90,260.0111111111111,6,6,3,8,random,45
90,259.03333333333336,5,6,3,8,random,46
90,258.5,5,6,4,8,random,47
90,257.53333333333336,6,6,4,8,random,48
90,257.0,5,6,4,9,random,49
90,256.4888888888889,3,7,4,9,random,50
90,255.5222222222222,3,7,4,9,random,51
90,254.98888888888888,3,7,4,10,random,52
90,253.98888888888888,3,7,4,10,random,53
90,253.0,3,7,4,10,random,54
90,252.0222222222222,2,7,4,10,random,55
90,251.0222222222222,2,7,4,10,random,56
90,250.03333333333333,3,7,4,10,random,57
90,249.03333333333333,3,7,4,10,random,58
90,248.5,3,8,4,10,random,59
90,248.17777777777778,4,8,4,11,random,60
90,247.1888888888889,3,8,4,11,random,61
90,246.2,2,8,4,11,random,62
90,245.23333333333332,3,8,4,11,random,63
90,244.25555555555556,3,8,4,11,random,64
90,243.7111111111111,3,8,5,11,random,65
90,242.7111111111111,4,8,5,11,random,66
90,241.74444444444444,3,8,5,11,random,67
90,240.76666666666668,3,8,5,11,random,68
90,239.7888888888889,4,8,5,11,random,69
90,239.2111111111111,4,8,6,11,random,70
90,238.6888888888889,3,8,7,11,random,71
90,237.72222222222223,3,8,7,11,random,72
90,237.5222222222222,3,8,8,11,random,73
90,236.9777777777778,3,9,8,11,random,74
90,236.46666666666667,4,9,9,11,random,75
90,235.4777777777778,3,9,9,11,random,76
90,234.48888888888888,3,9,9,11,random,77
90,234.37777777777777,3,10,9,11,random,78
90,233.4,3,10,9,11,random,79
90,232.4,3,10,9,11,random,80
90,231.87777777777777,4,10,10,11,random,81
90,230.9111111111111,3,10,10,11,random,82
90,229.92222222222222,3,10,10,11,random,83
90,229.37777777777777,4,11,10,11,random,84
90,228.85555555555555,4,12,10,11,random,85
90,228.34444444444443,3,12,10,12,random,86
90,228.34444444444443,4,12,10,13,random,87
90,227.35555555555555,4,12,10,13,random,88
90,226.37777777777777,3,12,10,13,random,89
90,225.4,3,12,10,13,random,90
90,224.88888888888889,3,12,11,13,random,91
90,223.9,3,12,11,13,random,92
90,222.93333333333334,4,12,11,13,random,93
90,221.93333333333334,4,12,11,13,random,94
90,221.4,3,13,11,13,random,95
90,220.4,4,13,11,13,random,96
90,219.42222222222222,4,13,11,13,random,97
90,218.42222222222222,4,13,11,13,random,98
90,218.33333333333334,5,14,11,14,random,99
90,218.43333333333334,5,15,11,14,random,100
90,217.44444444444446,4,15,11,14,random,101
90,216.93333333333334,5,15,12,14,random,102
90,215.93333333333334,5,15,12,14,random,103
90,214.93333333333334,5,15,12,14,random,104
90,213.95555555555555,5,15,12,14,random,105
90,212.9777777777778,4,15,12,14,random,106
90,211.9777777777778,4,15,12,14,random,107
90,210.9777777777778,5,15,12,14,random,108
90,210.45555555555555,5,15,12,15,random,109
90,209.45555555555555,5,15,12,15,random,110
90,208.45555555555555,6,15,12,15,random,111
90,207.45555555555555,6,15,12,15,random,112
90,206.46666666666667,5,15,12,15,random,113
90,205.94444444444446,6,15,12,16,random,114
90,204.94444444444446,6,15,12,16,random,115
90,203.94444444444446,6,15,12,16,random,116
90,202.96666666666667,7,15,12,16,random,117
90,201.98888888888888,6,15,12,16,random,118
90,200.98888888888888,6,15,12,16,random,119
90,200.0,7,15,12,16,random,120
90,199.0222222222222,6,15,12,16,random,121
90,198.0222222222222,6,15,12,16,random,122
90,197.03333333333333,7,15,12,16,random,123
90,196.04444444444445,6,15,12,16,random,124
90,195.05555555555554,5,15,12,16,random,125
90,194.07777777777778,6,15,12,16,random,126
90,193.98888888888888,6,16,13,16,random,127
90,192.98888888888888,6,16,13,16,random,128
90,191.98888888888888,7,16,13,16,random,129
90,191.01111111111112,5,16,13,16,random,130
90,191.07777777777778,5,16,14,16,random,131
90,190.07777777777778,6,16,14,16,random,132
90,189.07777777777778,6,16,14,16,random,133
90,188.07777777777778,6,16,14,16,random,134
90,188.0888888888889,7,16,15,16,random,135
90,187.0888888888889,7,16,15,16,random,136
90,186.0888888888889,7,16,15,16,random,137
90,185.55555555555554,8,16,16,16,random,138
90,184.55555555555554,8,16,16,16,random,139
90,183.55555555555554,8,16,16,16,random,140
90,182.57777777777778,9,16,16,16,random,141
90,181.5888888888889,8,16,16,16,random,142
90,181.04444444444445,8,17,16,16,random,143
90,180.04444444444445,9,17,16,16,random,144
90,179.06666666666666,7,17,16,16,random,145
90,179.7,7,18,16,16,random,146
90,178.7,8,18,16,16,random,147
90,177.7,8,18,16,16,random,148
90,176.7,8,18,16,16,random,149
90,175.76666666666668,7,18,16,16,random,150
90,174.76666666666668,7,18,16,16,random,151
90,173.76666666666668,7,18,16,16,random,152
90,174.46666666666667,7,18,16,17,random,153
90,173.5,6,18,16,17,random,154
90,172.5,6,18,16,17,random,155
90,171.95555555555555,7,18,16,18,random,156
90,170.95555555555555,7,18,16,18,random,157
90,169.95555555555555,7,18,16,18,random,158
90,169.4111111111111,8,18,17,18,random,159
90,168.4111111111111,8,18,17,18,random,160
90,167.86666666666667,8,18,18,18,random,161
90,166.87777777777777,9,18,18,18,random,162
90,165.87777777777777,9,18,18,18,random,163
90,165.33333333333334,9,18,19,18,random,164
90,164.35555555555555,9,18,19,18,random,165
90,163.36666666666667,9,18,19,18,random,166
90,162.36666666666667,9,18,19,18,random,167
90,161.36666666666667,10,18,19,18,random,168
90,160.84444444444443,9,19,19,18,random,169
90,159.85555555555555,8,19,19,18,random,170
90,158.85555555555555,9,19,19,18,random,171
90,158.32222222222222,9,19,20,18,random,172
90,157.33333333333334,8,19,20,18,random,173
90,156.35555555555555,9,19,20,18,random,174
90,156.27777777777777,9,19,21,19,random,175
90,155.2888888888889,8,19,21,19,random,176
90,154.32222222222222,8,19,21,19,random,177
90,153.32222222222222,8,19,21,19,random,178
90,152.33333333333334,8,19,21,19,random,179
90,151.36666666666667,8,19,21,19,random,180
90,150.37777777777777,8,19,21,19,random,181
90,149.37777777777777,8,19,21,19,random,182
90,148.42222222222222,9,19,21,19,random,183
90,147.45555555555555,8,19,21,19,random,184
90,146.46666666666667,8,19,21,19,random,185
90,145.5,8,19,21,19,random,186
90,144.5222222222222,7,19,21,19,random,187
90,143.53333333333333,7,19,21,19,random,188
90,142.98888888888888,8,19,21,20,random,189
90,144.07777777777778,7,20,21,20,random,190
90,143.0888888888889,7,20,21,20,random,191
90,144.35555555555555,8,22,21,20,random,192
90,143.35555555555555,8,22,21,20,random,193
90,142.35555555555555,8,22,21,20,random,194
90,141.83333333333334,8,22,21,21,random,195
90,140.83333333333334,8,22,21,21,random,196
90,140.2888888888889,8,22,22,21,random,197
90,139.3,8,22,22,21,random,198
90,138.3,8,22,22,21,random,199
90,137.3,8,22,22,21,random,200
90,136.3111111111111,9,22,22,21,random,201
90,135.32222222222222,9,22,22,21,random,202
90,134.77777777777777,9,22,22,22,random,203
90,133.8,10,22,22,22,random,204
90,132.8111111111111,9,22,22,22,random,205
90,131.82222222222222,8,22,22,22,random,206
90,130.85555555555555,8,22,22,22,random,207
90,130.3111111111111,8,22,23,22,random,208
90,129.3111111111111,8,22,23,22,random,209
90,128.33333333333334,8,22,23,22,random,210
90,127.33333333333333,8,22,23,22,random,211
90,126.33333333333333,8,22,23,22,random,212
90,127.72222222222223,9,24,23,22,random,213
90,127.18888888888888,8,24,24,22,random,214
90,126.64444444444445,8,24,24,23,random,215
90,125.64444444444445,9,24,24,23,random,216
90,126.87777777777778,9,24,25,23,random,217
90,126.33333333333333,9,25,25,23,random,218
90,125.33333333333333,10,25,25,23,random,219
90,124.33333333333333,10,25,25,23,random,220
90,123.78888888888889,10,25,25,24,random,221
90,123.25555555555556,11,25,25,25,random,222
90,122.25555555555556,11,25,25,25,random,223
90,121.25555555555556,11,25,25,25,random,224
90,120.25555555555556,12,25,25,25,random,225
90,119.26666666666667,11,25,25,25,random,226
90,118.26666666666667,11,25,25,25,random,227
90,117.26666666666667,12,25,25,25,random,228
90,116.26666666666667,12,25,25,25,random,229
90,115.27777777777777,12,25,25,25,random,230
90,114.74444444444444,13,25,26,25,random,231
90,114.2,13,25,27,25,random,232
90,115.43333333333334,13,25,27,26,random,233
90,114.46666666666667,12,25,27,26,random,234
90,113.46666666666667,12,25,27,26,random,235
90,112.46666666666667,12,25,27,26,random,236
90,111.47777777777777,12,25,27,26,random,237
90,110.47777777777777,12,25,27,26,random,238
90,109.4888888888889,12,25,27,26,random,239
90,108.4888888888889,13,25,27,26,random,240
90,107.4888888888889,13,25,27,26,random,241
90,106.5,13,25,27,26,random,242
90,105.96666666666667,13,25,28,26,random,243
90,104.96666666666667,13,25,28,26,random,244
90,103.97777777777777,13,25,28,26,random,245
90,103.0,13,25,28,26,random,246
90,102.0111111111111,13,25,28,26,random,247
90,101.0111111111111,13,25,28,26,random,248
90,100.03333333333333,13,25,28,26,random,249
90,99.05555555555556,12,25,28,26,random,250
90,98.52222222222223,11,26,28,26,random,251
90,97.52222222222223,12,26,28,26,random,252
90,96.53333333333333,11,26,28,26,random,253
90,95.55555555555556,11,26,28,26,random,254
90,96.78888888888889,12,26,28,27,random,255
90,95.8,12,26,28,27,random,256
90,94.81111111111112,12,26,28,27,random,257
90,93.84444444444445,12,26,28,27,random,258
90,92.84444444444445,12,26,28,27,random,259
90,91.85555555555555,11,26,28,27,random,260
90,93.11111111111111,11,26,29,27,random,261
90,92.58888888888889,10,26,30,27,random,262
90,93.82222222222222,10,26,30,28,random,263
90,94.24444444444444,10,26,31,28,random,264
90,93.24444444444444,10,26,31,28,random,265
90,92.24444444444444,10,26,31,28,random,266
90,91.24444444444444,11,26,31,28,random,267
90,90.25555555555556,11,26,31,28,random,268
90,89.25555555555556,11,26,31,28,random,269
90,88.26666666666667,12,26,31,28,random,270
90,87.26666666666667,12,26,31,28,random,271
90,86.27777777777777,11,26,31,28,random,272
90,85.27777777777777,12,26,31,28,random,273
90,84.77777777777777,12,27,31,28,random,274
90,83.77777777777777,12,27,31,28,random,275
90,85.46666666666667,13,28,31,29,random,276
90,84.92222222222222,13,28,31,30,random,277
90,83.95555555555555,11,28,31,30,random,278
90,82.97777777777777,12,28,31,30,random,279
90,81.97777777777777,12,28,31,30,random,280
90,81.0,11,28,31,30,random,281
90,80.0111111111111,12,28,31,30,random,282
90,79.0111111111111,12,28,31,30,random,283
90,78.0111111111111,12,28,31,30,random,284
90,77.94444444444444,13,28,32,31,random,285
90,76.95555555555555,12,28,32,31,random,286
90,76.41111111111111,12,28,32,32,random,287
90,75.45555555555555,13,28,32,32,random,288
90,76.22222222222223,12,28,32,33,random,289
90,75.7,11,28,32,34,random,290
90,74.71111111111111,12,28,32,34,random,291
90,75.97777777777777,12,29,32,34,random,292
90,74.97777777777777,12,29,32,34,random,293
90,73.9888888888889,12,29,32,34,random,294
90,73.0,11,29,32,34,random,295
90,72.43333333333334,11,29,32,35,random,296
90,71.47777777777777,12,29,32,35,random,297
90,70.4888888888889,12,29,32,35,random,298
90,69.5111111111111,11,29,32,35,random,299
83,74.40963855421687,11,29,32,35,random,300
83,76.32530120481928,11,30,33,35,random,301
74,84.60810810810811,11,30,33,35,random,302
74,83.62162162162163,11,30,33,35,random,303
71,86.15492957746478,11,30,33,35,random,304
70,86.38571428571429,11,30,33,35,random,305
69,86.6376811594203,12,30,33,35,random,306
69,85.6376811594203,12,30,33,35,random,307
69,84.6376811594203,12,30,33,35,random,308
69,83.6376811594203,13,30,33,35,random,309
69,83.23188405797102,13,30,34,35,random,310
69,82.23188405797102,13,30,34,35,random,311
69,81.23188405797102,14,30,34,35,random,312
69,80.23188405797102,14,30,34,35,random,313
69,79.23188405797102,14,30,34,35,random,314
69,78.82608695652173,15,30,34,36,random,315
69,80.73913043478261,15,31,34,36,random,316
69,79.73913043478261,15,31,34,36,random,317
68,79.91176470588235,16,31,34,36,random,318
68,78.91176470588235,16,31,34,36,random,319
67,79.08955223880596,16,31,34,36,random,320
67,78.1044776119403,17,31,34,36,random,321
67,77.11940298507463,17,31,34,36,random,322
67,76.11940298507463,17,31,34,36,random,323
66,76.27272727272727,18,31,34,36,random,324
66,78.33333333333333,17,32,34,36,random,325
66,77.36363636363636,16,32,34,36,random,326
66,76.36363636363636,17,32,34,36,random,327
66,75.36363636363636,17,32,34,36,random,328
66,74.36363636363636,17,32,34,36,random,329
66,73.37878787878788,17,32,34,36,random,330
65,73.50769230769231,17,32,34,36,random,331
65,72.50769230769231,17,32,34,36,random,332
65,71.53846153846153,18,32,34,36,random,333
65,70.55384615384615,18,32,34,36,random,334
65,69.55384615384615,18,32,34,36,random,335
65,68.56923076923077,18,32,34,36,random,336
65,67.58461538461539,18,32,34,36,random,337
65,66.6,17,32,34,36,random,338
65,65.6,18,32,34,36,random,339
64,66.265625,18,32,34,37,random,340
64,65.265625,18,32,34,37,random,341
64,64.28125,19,32,34,37,random,342
58,69.93103448275862,19,32,34,37,random,343
58,68.93103448275862,19,32,34,37,random,344
47,84.1063829787234,19,32,34,37,random,345
47,83.1063829787234,19,32,34,37,random,346
42,92.0,19,32,34,37,random,347
42,91.02380952380952,19,32,34,37,random,348
40,94.575,19,32,34,37,random,349
40,93.6,19,32,34,37,random,350
39,100.17948717948718,20,32,35,37,random,351
39,99.17948717948718,20,32,35,37,random,352
39,98.17948717948718,20,32,35,37,random,353
39,99.8974358974359,20,32,36,37,random,354
39,98.92307692307692,19,32,36,37,random,355
38,100.52631578947368,19,32,36,37,random,356
38,99.52631578947368,20,32,36,37,random,357
38,98.52631578947368,20,32,36,37,random,358
38,97.52631578947368,20,32,36,37,random,359
38,96.52631578947368,21,32,36,37,random,360
38,95.55263157894737,21,32,36,37,random,361
38,94.55263157894737,21,32,36,37,random,362
37,100.67567567567568,22,33,36,37,random,363
37,99.67567567567568,22,33,36,37,random,364
37,98.70270270270271,21,33,36,37,random,365
36,100.44444444444444,22,33,36,37,random,366
36,99.44444444444444,22,33,36,37,random,367
36,98.44444444444444,22,33,36,37,random,368
35,106.0,23,34,36,37,random,369
35,105.0,23,34,36,37,random,370
35,104.0,23,34,36,37,random,371
35,103.0,24,34,36,37,random,372
35,102.0,24,34,36,37,random,373
35,101.0,24,34,36,37,random,374
34,102.97058823529412,25,34,36,37,random,375
34,101.97058823529412,25,34,36,37,random,376
33,104.0909090909091,25,34,36,37,random,377
32,106.34375,26,34,36,37,random,378
31,108.7741935483871,26,34,36,37,random,379
31,107.80645161290323,26,34,36,37,random,380
31,106.90322580645162,26,34,36,37,random,381
31,105.90322580645162,26,34,36,37,random,382
31,104.90322580645162,26,34,36,37,random,383
31,103.93548387096774,26,34,36,37,random,384
31,103.0,25,34,36,37,random,385
27,117.25925925925925,25,34,36,37,random,386
27,116.29629629629629,26,34,36,37,random,387
22,141.77272727272728,26,34,36,37,random,388
22,140.77272727272728,26,34,36,37,random,389
21,146.47619047619048,27,34,36,37,random,390
21,145.57142857142858,26,34,36,37,random,391
21,146.61904761904762,26,34,36,38,random,392
21,145.61904761904762,27,34,36,38,random,393
21,148.0952380952381,27,34,37,38,random,394
21,147.14285714285714,26,34,37,38,random,395
21,146.1904761904762,26,34,37,38,random,396
21,145.1904761904762,26,34,37,38,random,397
21,144.1904761904762,26,34,37,38,random,398
21,143.1904761904762,27,34,37,38,random,399
21,142.1904761904762,27,34,37,38,random,400
20,148.3,27,34,37,38,random,401
20,147.3,28,34,37,38,random,402
20,146.3,28,34,37,38,random,403
20,145.35,28,34,37,38,random,404
20,144.4,29,34,37,38,random,405
20,143.4,29,34,37,38,random,406
20,152.25,29,34,38,38,random,407
20,151.35,29,34,38,38,random,408
20,150.4,28,34,38,38,random,409
20,149.4,28,34,38,38,random,410
20,148.4,29,34,38,38,random,411
20,153.5,29,34,38,39,random,412
20,152.5,29,34,38,39,random,413
20,151.55,30,34,38,39,random,414
20,150.6,30,34,38,39,random,415
20,149.65,30,34,38,39,random,416
20,148.7,30,34,38,39,random,417
20,147.7,30,34,38,39,random,418
20,146.75,30,34,38,39,random,419
20,145.8,31,34,38,39,random,420
20,144.8,31,34,38,39,random,421
20,143.8,31,34,38,39,random,422
20,161.6,32,35,39,39,random,423
20,160.7,32,35,39,39,random,424
20,159.7,32,35,39,39,random,425
20,168.8,33,35,39,40,random,426
20,167.85,32,35,39,40,random,427
20,168.95,31,36,39,40,random,428
20,167.95,32,36,39,40,random,429
20,169.35,32,36,40,41,random,430
19,177.26315789473685,32,36,40,41,random,431
19,176.26315789473685,33,36,40,41,random,432
19,175.26315789473685,33,36,40,41,random,433
19,174.3684210526316,31,36,40,41,random,434
19,173.3684210526316,32,36,40,41,random,435
19,172.3684210526316,32,36,40,41,random,436
19,171.3684210526316,32,36,40,41,random,437
19,170.3684210526316,33,36,40,41,random,438
19,169.3684210526316,33,36,40,41,random,439
19,168.3684210526316,33,36,40,41,random,440
19,167.47368421052633,34,36,40,41,random,441
19,168.6315789473684,34,36,40,42,random,442
19,167.6315789473684,34,36,40,42,random,443
19,166.6315789473684,35,36,40,42,random,444
19,165.73684210526315,33,36,40,42,random,445
19,164.73684210526315,33,36,40,42,random,446
19,163.78947368421052,34,36,40,42,random,447
19,162.8421052631579,34,36,40,42,random,448
19,161.8421052631579,34,36,40,42,random,449
19,160.89473684210526,35,36,40,42,random,450
19,159.94736842105263,34,36,40,42,random,451
19,159.0,33,36,40,42,random,452
19,158.0,34,36,40,42,random,453
19,157.05263157894737,33,36,40,42,random,454
19,156.05263157894737,33,36,40,42,random,455
19,155.10526315789474,34,36,40,42,random,456
19,154.10526315789474,34,36,40,42,random,457
19,153.10526315789474,34,36,40,42,random,458
19,154.8421052631579,35,36,40,43,random,459
19,153.89473684210526,34,36,40,43,random,460
19,152.89473684210526,34,36,40,43,random,461
19,151.94736842105263,35,36,40,43,random,462
19,150.94736842105263,35,36,40,43,random,463
19,150.0,35,36,40,43,random,464
19,149.0,36,36,40,43,random,465
19,150.21052631578948,35,37,40,43,random,466
19,149.21052631578948,35,37,40,43,random,467
19,150.42105263157896,35,37,41,43,random,468
19,151.57894736842104,35,37,41,44,random,469
19,150.57894736842104,35,37,41,44,random,470
19,149.57894736842104,36,37,41,44,random,471
19,148.57894736842104,36,37,41,44,random,472
19,147.57894736842104,36,37,41,44,random,473
19,146.6315789473684,37,37,41,44,random,474
19,145.6315789473684,37,37,41,44,random,475
19,144.6315789473684,37,37,41,44,random,476
18,151.72222222222223,38,37,41,44,random,477
18,150.77777777777777,37,37,41,44,random,478
18,149.83333333333334,37,37,41,44,random,479
18,148.88888888888889,38,37,41,44,random,480
18,147.94444444444446,37,37,41,44,random,481
18,160.38888888888889,37,39,41,44,random,482
18,159.55555555555554,36,39,41,44,random,483
18,158.55555555555554,36,39,41,44,random,484
18,157.55555555555554,36,39,41,44,random,485
18,158.83333333333334,37,39,42,44,random,486
18,157.88888888888889,37,39,42,44,random,487
18,156.88888888888889,37,39,42,44,random,488
18,158.16666666666666,38,39,43,44,random,489
18,157.16666666666666,38,39,43,44,random,490
18,156.16666666666666,38,39,43,44,random,491
18,155.22222222222223,39,39,43,44,random,492
18,154.22222222222223,39,39,43,44,random,493
18,153.22222222222223,39,39,43,44,random,494
18,152.22222222222223,40,39,43,44,random,495
18,153.55555555555554,39,40,43,44,random,496
18,152.55555555555554,39,40,43,44,random,497
18,151.55555555555554,40,40,43,44,random,498
18,152.83333333333334,40,40,44,44,random,499
18,151.83333333333334,40,40,44,44,random,500
18,150.83333333333334,41,40,44,44,random,501
18,149.88888888888889,41,40,44,44,random,502
18,151.16666666666666,41,40,45,44,random,503
18,152.44444444444446,42,41,45,44,random,504
18,151.44444444444446,42,41,45,44,random,505
18,152.77777777777777,41,41,45,45,random,506
18,151.88888888888889,42,41,45,45,random,507
18,150.94444444444446,42,41,45,45,random,508
18,150.0,42,41,45,45,random,509
18,149.0,43,41,45,45,random,510
18,150.38888888888889,41,42,45,45,random,511
18,149.44444444444446,40,42,45,45,random,512
18,148.5,40,42,45,45,random,513
18,147.5,40,42,45,45,random,514
18,146.5,40,42,45,45,random,515
18,145.5,41,42,45,45,random,516
18,155.66666666666666,41,42,46,45,random,517
18,154.66666666666666,41,42,46,45,random,518
18,153.72222222222223,42,42,46,45,random,519
18,152.72222222222223,42,42,46,45,random,520
18,151.72222222222223,42,42,46,45,random,521
18,150.72222222222223,43,42,46,45,random,522
18,149.83333333333334,42,42,46,45,random,523
18,148.83333333333334,42,42,46,45,random,524
18,147.83333333333334,43,42,46,45,random,525
18,149.11111111111111,43,42,47,45,random,526
18,150.5,42,42,47,46,random,527
18,149.5,43,42,47,46,random,528
18,148.5,43,42,47,46,random,529
18,147.5,43,42,47,46,random,530
18,146.55555555555554,43,42,47,46,random,531
18,145.55555555555554,43,42,47,46,random,532
18,146.83333333333334,43,43,47,46,random,533
18,145.83333333333334,44,43,47,46,random,534
18,147.11111111111111,44,43,47,47,random,535
17,154.76470588235293,44,43,47,47,random,536
17,153.76470588235293,45,43,47,47,random,537
17,152.8235294117647,45,43,47,47,random,538
17,151.88235294117646,45,43,47,47,random,539
17,153.2941176470588,46,44,47,47,random,540
17,152.35294117647058,46,44,47,47,random,541
16,160.9375,45,44,47,47,random,542
16,160.0,45,44,47,47,random,543
16,164.1875,45,44,47,48,random,544
16,163.25,44,44,47,48,random,545
16,162.25,45,44,47,48,random,546
16,161.25,45,44,47,48,random,547
16,160.25,45,44,47,48,random,548
16,159.25,46,44,47,48,random,549
16,158.25,46,44,47,48,random,550
16,161.8125,46,45,47,48,random,551
16,160.8125,47,45,47,48,random,552
16,159.8125,47,45,47,48,random,553
16,164.0625,47,45,48,48,random,554
16,163.125,48,45,48,48,random,555
16,164.6875,48,46,48,48,random,556
16,163.6875,48,46,48,48,random,557
16,162.875,47,46,48,48,random,558
16,161.875,47,46,48,48,random,559
16,160.875,47,46,48,48,random,560
16,162.4375,48,46,48,49,random,561
16,161.5,47,46,48,49,random,562
16,160.5,47,46,48,49,random,563
16,159.5,48,46,48,49,random,564
16,158.5,48,46,48,49,random,565
16,160.0625,48,46,48,50,random,566
16,159.125,49,46,48,50,random,567
16,158.125,49,46,48,50,random,568
16,157.125,49,46,48,50,random,569
16,156.1875,50,46,48,50,random,570
16,155.25,49,46,48,50,random,571
16,154.25,49,46,48,50,random,572
16,153.3125,50,46,48,50,random,573
16,154.9375,49,46,49,50,random,574
16,154.0,48,46,49,50,random,575
16,153.0,49,46,49,50,random,576
16,152.0,49,46,49,50,random,577
16,151.0,49,46,49,50,random,578
16,150.0625,50,46,49,50,random,579
16,149.0625,50,46,49,50,random,580
16,150.625,50,47,49,50,random,581
16,149.625,51,47,49,50,random,582
16,148.6875,50,47,49,50,random,583
16,147.75,50,47,49,50,random,584
16,146.75,51,47,49,50,random,585
16,148.3125,51,47,49,51,random,586
16,147.3125,51,47,49,51,random,587
16,146.375,51,47,49,51,random,588
15,157.86666666666667,51,47,49,52,random,589
15,159.6,51,48,49,52,random,590
13,183.15384615384616,52,48,49,52,random,591
13,182.15384615384616,52,48,49,52,random,592
13,181.15384615384616,52,48,49,52,random,593
13,180.15384615384616,53,48,49,52,random,594
13,179.15384615384616,53,48,49,52,random,595
13,178.15384615384616,53,48,49,52,random,596
13,177.15384615384616,54,48,49,52,random,597
13,176.15384615384616,54,48,49,52,random,598
13,178.30769230769232,54,49,49,52,random,599
13,177.30769230769232,55,49,49,52,random,600
13,176.30769230769232,55,49,49,52,random,601
13,175.30769230769232,55,49,49,52,random,602
13,174.30769230769232,56,49,49,52,random,603
13,173.46153846153845,56,49,49,52,random,604
13,172.46153846153845,56,49,49,52,random,605
13,174.6153846153846,57,49,50,52,random,606
13,173.6153846153846,57,49,50,52,random,607
13,172.84615384615384,55,49,50,52,random,608
13,171.92307692307693,56,49,50,52,random,609
13,171.0,56,49,50,52,random,610
13,170.0,56,49,50,52,random,611
13,169.07692307692307,56,49,50,52,random,612
13,168.15384615384616,55,49,50,52,random,613
13,167.23076923076923,54,49,50,52,random,614
13,166.23076923076923,55,49,50,52,random,615
13,165.23076923076923,55,49,50,52,random,616
13,164.23076923076923,55,49,50,52,random,617
13,163.30769230769232,56,49,50,52,random,618
13,165.46153846153845,56,50,50,52,random,619
13,164.46153846153845,56,50,50,52,random,620
13,163.53846153846155,56,50,50,52,random,621
13,162.53846153846155,56,50,50,52,random,622
13,164.69230769230768,56,50,51,52,random,623
13,163.69230769230768,57,50,51,52,random,624
12,176.33333333333334,57,50,51,52,random,625
12,175.33333333333334,57,50,51,52,random,626
12,174.33333333333334,58,50,51,52,random,627
12,173.33333333333334,58,50,51,52,random,628
12,175.66666666666666,58,50,52,52,random,629
12,174.66666666666666,59,50,52,52,random,630
12,173.66666666666666,59,50,52,52,random,631
12,172.66666666666666,59,50,52,52,random,632
12,171.66666666666666,60,50,52,52,random,633
12,170.66666666666666,60,50,52,52,random,634
12,169.66666666666666,60,50,52,52,random,635
12,168.66666666666666,61,50,52,52,random,636
12,167.66666666666666,61,50,52,52,random,637
12,166.66666666666666,61,50,52,52,random,638
12,165.66666666666666,62,50,52,52,random,639
11,179.72727272727272,62,50,52,52,random,640
11,178.72727272727272,62,50,52,52,random,641
11,188.8181818181818,63,50,52,53,random,642
11,187.8181818181818,63,50,52,53,random,643
11,200.63636363636363,63,51,52,53,random,644
11,203.36363636363637,64,51,52,54,random,645
11,202.36363636363637,64,51,52,54,random,646
11,201.36363636363637,64,51,52,54,random,647
11,200.54545454545453,64,51,52,54,random,648
11,199.54545454545453,64,51,52,54,random,649
11,198.54545454545453,64,51,52,54,random,650
11,197.54545454545453,65,51,52,54,random,651
11,196.63636363636363,64,51,52,54,random,652
11,195.63636363636363,64,51,52,54,random,653
11,194.72727272727272,65,51,52,54,random,654
11,193.72727272727272,65,51,52,54,random,655
11,192.72727272727272,65,51,52,54,random,656
11,192.0,66,51,52,54,random,657
11,191.0909090909091,65,51,52,54,random,658
11,190.0909090909091,65,51,52,54,random,659
11,189.1818181818182,65,51,52,54,random,660
11,188.45454545454547,65,51,52,54,random,661
11,187.45454545454547,65,51,52,54,random,662
11,186.45454545454547,66,51,52,54,random,663
11,185.45454545454547,66,51,52,54,random,664
11,184.54545454545453,65,51,52,54,random,665
11,183.54545454545453,66,51,52,54,random,666
11,182.54545454545453,66,51,52,54,random,667
11,199.8181818181818,66,52,52,54,random,668
11,198.8181818181818,67,52,52,54,random,669
11,197.8181818181818,67,52,52,54,random,670
11,196.8181818181818,67,52,52,54,random,671
11,195.8181818181818,68,52,52,54,random,672
11,194.8181818181818,68,52,52,54,random,673
11,193.8181818181818,68,52,52,54,random,674
11,192.8181818181818,69,52,52,54,random,675
11,191.8181818181818,69,52,52,54,random,676
11,194.54545454545453,69,52,52,55,random,677
11,193.54545454545453,70,52,52,55,random,678
11,192.54545454545453,70,52,52,55,random,679
11,191.63636363636363,70,52,52,55,random,680
11,190.63636363636363,71,52,52,55,random,681
11,193.36363636363637,71,52,53,55,random,682
11,192.36363636363637,71,52,53,55,random,683
11,191.45454545454547,71,52,53,55,random,684
11,190.45454545454547,71,52,53,55,random,685
11,189.45454545454547,71,52,53,55,random,686
11,192.1818181818182,72,52,53,56,random,687
11,191.1818181818182,72,52,53,56,random,688
11,190.1818181818182,72,52,53,56,random,689
11,189.1818181818182,73,52,53,56,random,690
11,188.1818181818182,73,52,53,56,random,691
11,187.1818181818182,73,52,53,56,random,692
11,186.1818181818182,74,52,53,56,random,693
11,189.0,74,52,53,57,random,694
11,188.0,74,52,53,57,random,695
11,187.0,75,52,53,57,random,696
11,186.0,75,52,53,57,random,697
11,185.1818181818182,74,52,53,57,random,698
11,184.1818181818182,75,52,53,57,random,699
11,183.1818181818182,75,52,53,57,random,700
11,182.1818181818182,75,52,53,57,random,701
11,181.45454545454547,75,52,53,57,random,702
11,180.45454545454547,75,52,53,57,random,703
11,179.45454545454547,75,52,53,57,random,704
11,178.45454545454547,76,52,53,57,random,705
11,177.63636363636363,75,52,53,57,random,706
11,176.63636363636363,75,52,53,57,random,707
11,175.63636363636363,76,52,53,57,random,708
11,174.63636363636363,76,52,53,57,random,709
11,173.63636363636363,76,52,53,57,random,710
11,176.36363636363637,77,52,54,57,random,711
11,175.36363636363637,77,52,54,57,random,712
11,174.36363636363637,77,52,54,57,random,713
11,177.0909090909091,78,52,54,58,random,714
11,176.0909090909091,78,52,54,58,random,715
11,175.0909090909091,78,52,54,58,random,716
11,174.0909090909091,79,52,54,58,random,717
11,173.0909090909091,79,52,54,58,random,718
11,172.0909090909091,79,52,54,58,random,719
11,171.0909090909091,80,52,54,58,random,720
11,170.0909090909091,80,52,54,58,random,721
11,172.9090909090909,80,52,54,59,random,722
11,171.9090909090909,81,52,54,59,random,723
11,170.9090909090909,81,52,54,59,random,724
11,169.9090909090909,81,52,54,59,random,725
11,169.0,81,52,54,59,random,726
11,168.0,81,52,54,59,random,727
11,170.72727272727272,81,52,55,59,random,728
11,169.72727272727272,82,52,55,59,random,729
11,168.72727272727272,82,52,55,59,random,730
11,167.72727272727272,82,52,55,59,random,731
11,166.72727272727272,83,52,55,59,random,732
11,165.72727272727272,83,52,55,59,random,733
11,164.8181818181818,83,52,55,59,random,734
11,163.8181818181818,84,52,55,59,random,735
11,162.8181818181818,84,52,55,59,random,736
11,161.8181818181818,84,52,55,59,random,737
11,160.9090909090909,84,52,55,59,random,738
11,159.9090909090909,84,52,55,59,random,739
11,158.9090909090909,84,52,55,59,random,740
11,157.9090909090909,85,52,55,59,random,741
10,172.7,85,52,55,59,random,742
10,171.7,85,52,55,59,random,743
10,170.7,86,52,55,59,random,744
10,169.7,86,52,55,59,random,745
10,168.7,86,52,55,59,random,746
10,167.7,87,52,55,59,random,747
10,166.7,87,52,55,59,random,748
10,165.7,87,52,55,59,random,749
10,164.7,88,52,55,59,random,750
10,163.7,88,52,55,59,random,751
10,169.6,88,53,55,59,random,752
10,168.6,89,53,55,59,random,753
10,167.7,89,53,55,59,random,754
10,166.7,89,53,55,59,random,755
10,165.7,90,53,55,59,random,756
10,164.8,90,53,55,59,random,757
10,163.9,89,53,55,59,random,758
10,163.1,90,53,55,59,random,759
10,162.1,90,53,55,59,random,760
10,161.3,88,53,55,59,random,761
10,160.5,89,53,55,59,random,762
10,159.5,89,53,55,59,random,763
10,158.5,89,53,55,59,random,764
10,161.7,90,53,55,60,random,765
10,160.8,89,53,55,60,random,766
10,159.8,89,53,55,60,random,767
10,158.8,90,53,55,60,random,768
10,157.9,89,53,55,60,random,769
10,156.9,89,53,55,60,random,770
10,155.9,90,53,55,60,random,771
10,154.9,90,53,55,60,random,772
10,153.9,90,53,55,60,random,773
10,152.9,91,53,55,60,random,774
10,151.9,91,53,55,60,random,775
10,163.5,91,53,55,61,random,776
10,162.5,92,53,55,61,random,777
10,175.4,92,54,55,61,random,778
10,174.4,92,54,55,61,random,779
10,173.4,93,54,55,61,random,780
10,187.2,93,54,55,62,random,781
10,186.2,93,54,55,62,random,782
10,188.1,94,54,56,62,random,783
10,187.1,94,54,56,62,random,784
10,186.1,94,54,56,62,random,785
10,205.2,95,54,56,63,random,786
10,204.2,95,54,56,63,random,787
10,203.2,95,54,56,63,random,788
10,202.2,96,54,56,63,random,789
10,201.2,96,54,56,63,random,790
10,200.2,96,54,56,63,random,791
10,199.2,97,54,56,63,random,792
10,198.2,97,54,56,63,random,793
10,197.2,97,54,56,63,random,794
10,196.2,98,54,56,63,random,795
10,195.2,98,54,56,63,random,796
10,194.3,98,54,56,63,random,797
10,193.3,99,54,56,63,random,798
10,192.3,99,54,56,63,random,799
10,191.4,99,54,56,63,random,800
10,190.5,99,54,56,63,random,801
10,189.5,99,54,56,63,random,802
10,188.5,99,54,56,63,random,803
10,187.6,99,54,56,63,random,804
10,186.6,99,54,56,63,random,805
10,185.6,99,54,56,63,random,806
10,184.6,100,54,56,63,random,807
10,183.7,100,54,56,63,random,808
10,182.7,100,54,56,63,random,809
10,184.2,101,54,57,63,random,810
10,183.2,101,54,57,63,random,811
10,182.4,100,54,57,63,random,812
10,181.4,101,54,57,63,random,813
10,180.5,101,54,57,63,random,814
10,179.6,101,54,57,63,random,815
10,178.7,101,54,57,63,random,816
10,177.7,101,54,57,63,random,817
10,176.9,100,54,57,63,random,818
10,176.1,100,54,57,63,random,819
10,175.1,100,54,57,63,random,820
10,175.0,100,54,58,63,random,821
10,174.1,100,54,58,63,random,822
10,173.2,100,54,58,63,random,823
10,172.2,100,54,58,63,random,824
10,171.2,101,54,58,63,random,825
10,170.3,101,54,58,63,random,826
10,169.3,101,54,58,63,random,827
10,168.3,102,54,58,63,random,828
10,167.3,102,54,58,63,random,829
10,166.4,101,54,58,63,random,830
10,165.4,102,54,58,63,random,831
10,164.4,102,54,58,63,random,832
10,163.4,102,54,58,63,random,833
10,162.4,103,54,58,63,random,834
10,165.5,103,54,59,63,random,835
10,168.6,103,54,59,64,random,836
10,191.9,104,54,60,65,random,837
10,190.9,104,54,60,65,random,838
10,189.9,104,54,60,65,random,839
10,188.9,105,54,60,65,random,840
10,188.1,104,54,60,65,random,841
10,187.1,104,54,60,65,random,842
10,186.1,105,54,60,65,random,843
10,185.1,105,54,60,65,random,844
10,184.2,104,54,60,65,random,845
10,183.2,105,54,60,65,random,846
10,182.2,105,54,60,65,random,847
10,181.2,105,54,60,65,random,848
10,180.2,106,54,60,65,random,849
10,183.3,106,54,61,65,random,850
10,182.3,106,54,61,65,random,851
10,181.3,107,54,61,65,random,852
10,184.4,107,55,61,65,random,853
10,183.4,107,55,61,65,random,854
10,182.4,108,55,61,65,random,855
10,181.4,108,55,61,65,random,856
10,180.4,108,55,61,65,random,857
10,179.4,109,55,61,65,random,858
10,178.4,109,55,61,65,random,859
10,177.5,109,55,61,65,random,860
10,176.5,110,55,61,65,random,861
10,175.5,110,55,61,65,random,862
10,174.5,110,55,61,65,random,863
10,173.7,110,55,61,65,random,864
10,192.8,110,56,61,65,random,865
10,192.0,109,56,61,65,random,866
10,191.0,110,56,61,65,random,867
10,190.1,110,56,61,65,random,868
10,189.1,110,56,61,65,random,869
10,192.2,111,57,61,65,random,870
10,191.2,111,57,61,65,random,871
10,194.4,110,58,61,65,random,872
10,193.4,111,58,61,65,random,873
10,192.4,111,58,61,65,random,874
10,191.4,111,58,61,65,random,875
10,190.4,112,58,61,65,random,876
10,189.4,112,58,61,65,random,877
10,188.5,112,58,61,65,random,878
10,187.5,113,58,61,65,random,879
10,190.6,113,58,61,66,random,880
10,193.7,113,58,61,67,random,881
10,192.8,113,58,61,67,random,882
10,191.8,113,58,61,67,random,883
10,190.9,113,58,61,67,random,884
10,189.9,114,58,61,67,random,885
10,189.0,114,58,61,67,random,886
10,188.0,114,58,61,67,random,887
10,187.1,114,58,61,67,random,888
10,186.1,114,58,61,67,random,889
10,185.2,113,58,61,67,random,890
10,184.3,114,58,61,67,random,891
10,183.3,114,58,61,67,random,892
10,182.3,114,58,61,67,random,893
10,181.3,115,58,61,67,random,894
10,180.4,114,58,61,67,random,895
10,179.4,114,58,61,67,random,896
10,178.4,115,58,61,67,random,897
10,177.4,115,58,61,67,random,898
10,176.4,115,58,61,67,random,899
10,175.4,116,58,61,67,random,900
10,174.4,116,58,61,67,random,901
10,173.4,116,58,61,67,random,902
10,172.4,117,58,61,67,random,903
10,171.4,117,58,61,67,random,904
10,170.4,117,58,61,67,random,905
10,169.6,118,58,61,67,random,906
10,168.6,118,58,61,67,random,907
10,167.6,118,58,61,67,random,908
10,166.6,119,58,61,67,random,909
10,165.8,117,58,61,67,random,910
10,164.8,117,58,61,67,random,911
10,163.8,118,58,61,67,random,912
10,162.8,118,58,61,67,random,913
10,161.8,118,58,61,67,random,914
10,160.9,119,58,61,67,random,915
10,169.2,119,59,61,67,random,916
10,168.2,119,59,61,67,random,917
10,172.1,120,59,61,68,random,918
10,171.2,119,59,61,68,random,919
10,170.2,119,59,61,68,random,920
10,169.2,120,59,61,68,random,921
10,168.2,120,59,61,68,random,922
10,167.2,120,59,61,68,random,923
10,166.2,121,59,61,68,random,924
10,165.2,121,59,61,68,random,925
10,174.5,121,60,61,68,random,926
10,173.6,122,60,61,68,random,927
10,172.7,122,60,61,68,random,928
10,197.0,122,62,61,68,random,929
10,196.0,123,62,61,68,random,930
10,199.2,122,63,61,68,random,931
10,198.3,121,63,61,68,random,932
10,201.4,122,63,62,68,random,933
10,200.4,122,63,62,68,random,934
10,199.4,122,63,62,68,random,935
10,198.4,123,63,62,68,random,936
10,197.4,123,63,62,68,random,937
10,196.4,123,63,62,68,random,938
10,195.4,124,63,62,68,random,939
10,194.4,124,63,62,68,random,940
10,193.4,124,63,62,68,random,941
10,192.4,125,63,62,68,random,942
10,191.4,125,63,62,68,random,943
10,205.7,125,63,62,69,random,944
10,204.7,126,63,62,69,random,945
10,203.8,126,63,62,69,random,946
10,202.8,126,63,62,69,random,947
10,201.8,127,63,62,69,random,948
10,200.8,127,63,62,69,random,949
10,199.9,126,63,62,69,random,950
10,202.2,127,63,63,69,random,951
10,201.2,127,63,63,69,random,952
10,200.2,127,63,63,69,random,953
10,199.2,128,63,63,69,random,954
10,198.2,128,63,63,69,random,955
10,197.2,128,63,63,69,random,956
10,196.2,129,63,63,69,random,957
10,195.3,129,63,63,69,random,958
10,194.3,129,63,63,69,random,959
10,193.4,130,63,63,69,random,960
10,192.4,130,63,63,69,random,961
10,191.5,129,63,63,69,random,962
10,190.5,130,63,63,69,random,963
10,189.6,129,63,63,69,random,964
10,192.3,129,63,64,69,random,965
10,191.3,130,63,64,69,random,966
10,190.3,130,63,64,69,random,967
9,210.55555555555554,130,63,64,69,random,968
9,209.55555555555554,131,63,64,69,random,969
9,208.55555555555554,131,63,64,69,random,970
9,207.55555555555554,131,63,64,69,random,971
9,206.66666666666666,131,63,64,69,random,972
9,205.66666666666666,131,63,64,69,random,973
9,204.66666666666666,131,63,64,69,random,974
9,203.66666666666666,132,63,64,69,random,975
9,202.66666666666666,132,63,64,69,random,976
9,201.66666666666666,132,63,64,69,random,977
9,200.66666666666666,133,63,64,69,random,978
9,199.66666666666666,133,63,64,69,random,979
9,198.66666666666666,133,63,64,69,random,980
9,197.66666666666666,134,63,64,69,random,981
9,196.66666666666666,134,63,64,69,random,982
9,195.66666666666666,134,63,64,69,random,983
8,219.125,135,63,64,69,random,984
8,218.125,135,63,64,69,random,985
8,217.125,135,63,64,69,random,986
8,216.125,136,63,64,69,random,987
8,220.25,136,64,64,69,random,988
8,219.25,136,64,64,69,random,989
8,218.375,137,64,64,69,random,990
8,222.25,137,64,64,70,random,991
8,221.25,137,64,64,70,random,992
8,220.25,138,64,64,70,random,993
8,219.375,137,64,64,70,random,994
8,218.5,136,64,64,70,random,995
8,217.5,137,64,64,70,random,996
8,216.5,137,64,64,70,random,997
8,215.5,137,64,64,70,random,998
8,214.5,138,64,64,70,random,999
90,299.1333333333333,16,0,0,0,greedy,0
90,298.1333333333333,16,0,0,0,greedy,1
90,297.15555555555557,15,0,0,0,greedy,2
90,296.22222222222223,11,0,0,0,greedy,3
90,295.3,7,0,0,0,greedy,4
90,294.31111111111113,7,0,0,0,greedy,5
90,293.3333333333333,7,0,0,0,greedy,6
90,292.34444444444443,6,0,0,0,greedy,7
90,291.43333333333334,5,0,1,0,greedy,8
90,290.46666666666664,5,0,1,0,greedy,9
90,289.47777777777776,4,0,1,0,greedy,10
90,288.4888888888889,4,0,1,0,greedy,11
90,287.52222222222224,3,0,1,0,greedy,12
90,286.52222222222224,3,0,1,0,greedy,13
90,285.52222222222224,3,0,1,0,greedy,14
90,284.7,3,0,1,1,greedy,15
90,283.7111111111111,2,0,1,1,greedy,16
90,282.8888888888889,2,1,1,1,greedy,17
90,281.9,3,1,1,1,greedy,18
90,281.1111111111111,3,1,1,2,greedy,19
90,280.1111111111111,3,1,1,2,greedy,20
90,279.34444444444443,4,2,1,2,greedy,21
90,278.35555555555555,3,2,1,2,greedy,22
90,277.6,3,2,1,3,greedy,23
90,276.8777777777778,3,2,1,4,greedy,24
90,275.8777777777778,3,2,1,4,greedy,25
90,275.15555555555557,3,2,1,5,greedy,26
90,274.1666666666667,4,2,1,5,greedy,27
90,273.1777777777778,4,2,1,5,greedy,28
90,272.4888888888889,4,2,2,5,greedy,29
90,272.46666666666664,5,2,3,7,greedy,30
90,271.47777777777776,4,2,3,7,greedy,31
90,270.47777777777776,4,2,3,7,greedy,32
90,269.73333333333335,5,3,3,7,greedy,33
90,268.74444444444447,4,3,3,7,greedy,34
90,268.1222222222222,4,3,3,8,greedy,35
90,267.1333333333333,5,3,3,8,greedy,36
90,266.14444444444445,5,3,3,8,greedy,37
90,265.55555555555554,5,3,4,8,greedy,38
90,264.9888888888889,6,4,4,8,greedy,39
90,264.0,5,4,4,8,greedy,40
90,263.0111111111111,4,4,4,8,greedy,41
90,262.02222222222224,4,4,4,8,greedy,42
90,261.02222222222224,4,4,4,8,greedy,43
90,260.03333333333336,4,4,4,8,greedy,44
90,259.96666666666664,5,6,4,8,greedy,45
90,259.46666666666664,5,6,4,9,greedy,46
90,258.47777777777776,4,6,4,9,greedy,47
90,257.5,4,6,4,9,greedy,48
90,256.5111111111111,4,6,4,9,greedy,49
90,255.5222222222222,4,6,4,9,greedy,50
90,254.54444444444445,4,6,4,9,greedy,51
90,253.55555555555554,4,6,4,9,greedy,52
90,252.55555555555554,4,6,4,9,greedy,53
90,252.75555555555556,4,7,5,9,greedy,54
90,251.76666666666668,3,7,5,9,greedy,55
90,250.77777777777777,3,7,5,9,greedy,56
90,249.77777777777777,4,7,5,9,greedy,57
90,248.8,3,7,5,9,greedy,58
90,248.25555555555556,3,7,6,9,greedy,59
90,247.25555555555556,4,7,6,9,greedy,60
90,246.92222222222222,4,7,7,9,greedy,61
90,247.04444444444445,4,9,7,10,greedy,62
90,246.04444444444445,5,9,7,10,greedy,63
90,245.05555555555554,5,9,7,10,greedy,64
90,244.05555555555554,5,9,7,10,greedy,65
90,243.05555555555554,6,9,7,10,greedy,66
90,242.8,6,10,7,10,greedy,67
90,241.8111111111111,5,10,7,10,greedy,68
90,240.8111111111111,6,10,7,10,greedy,69
90,239.82222222222222,6,10,7,10,greedy,70
90,238.83333333333334,5,10,7,10,greedy,71
90,237.84444444444443,6,10,7,10,greedy,72
90,237.3111111111111,6,10,7,11,greedy,73
90,236.33333333333334,6,10,7,11,greedy,74
90,235.34444444444443,7,10,7,11,greedy,75
90,235.4111111111111,6,12,7,11,greedy,76
90,234.43333333333334,5,12,7,11,greedy,77
90,233.9,6,12,8,11,greedy,78
90,232.92222222222222,6,12,8,11,greedy,79
90,231.93333333333334,5,12,8,11,greedy,80
90,231.43333333333334,6,13,8,11,greedy,81
90,230.45555555555555,6,13,8,11,greedy,82
90,229.46666666666667,5,13,8,11,greedy,83
90,228.46666666666667,6,13,8,11,greedy,84
90,227.95555555555555,5,13,8,12,greedy,85
90,226.98888888888888,5,13,8,12,greedy,86
90,226.0,6,13,8,12,greedy,87
90,225.01111111111112,6,13,8,12,greedy,88
90,224.0222222222222,6,13,8,12,greedy,89
90,224.01111111111112,6,14,8,12,greedy,90
90,223.0222222222222,5,14,8,12,greedy,91
90,222.03333333333333,5,14,8,12,greedy,92
90,221.05555555555554,6,14,8,12,greedy,93
90,220.6,5,15,8,12,greedy,94
90,219.6,5,15,8,12,greedy,95
90,218.62222222222223,6,15,8,12,greedy,96
90,217.63333333333333,5,15,8,12,greedy,97
90,216.63333333333333,5,15,8,12,greedy,98
90,216.1,5,16,8,12,greedy,99
90,216.1888888888889,5,17,8,12,greedy,100
90,215.1888888888889,5,17,8,12,greedy,101
90,214.22222222222223,6,17,8,12,greedy,102
90,213.22222222222223,6,17,8,12,greedy,103
90,212.22222222222223,6,17,8,12,greedy,104
90,212.38888888888889,7,17,9,12,greedy,105
90,211.88888888888889,4,18,9,12,greedy,106
90,211.34444444444443,4,18,9,13,greedy,107
90,210.38888888888889,5,18,9,13,greedy,108
90,209.4,5,18,9,13,greedy,109
90,208.4111111111111,4,18,9,13,greedy,110
90,207.42222222222222,4,18,9,13,greedy,111
90,206.45555555555555,2,18,9,13,greedy,112
90,206.4,2,18,9,14,greedy,113
90,205.4,3,18,9,14,greedy,114
90,204.4,3,18,9,14,greedy,115
90,203.4,3,18,9,14,greedy,116
90,202.4111111111111,4,18,9,14,greedy,117
90,204.16666666666666,4,18,11,15,greedy,118
90,203.17777777777778,3,18,11,15,greedy,119
90,202.17777777777778,4,18,11,15,greedy,120
90,201.17777777777778,4,18,11,15,greedy,121
90,200.63333333333333,4,18,11,16,greedy,122
90,199.63333333333333,5,18,11,16,greedy,123
90,198.63333333333333,5,18,11,16,greedy,124
90,199.01111111111112,5,18,12,16,greedy,125
90,198.01111111111112,6,18,12,16,greedy,126
90,197.0222222222222,6,18,12,16,greedy,127
90,196.0222222222222,6,18,12,16,greedy,128
90,195.03333333333333,7,18,12,16,greedy,129
90,194.05555555555554,7,18,12,16,greedy,130
90,193.06666666666666,6,18,12,16,greedy,131
90,193.98888888888888,7,19,12,17,greedy,132
90,193.01111111111112,7,19,12,17,greedy,133
90,192.03333333333333,6,19,12,17,greedy,134
90,191.03333333333333,7,19,12,17,greedy,135
90,190.04444444444445,6,19,12,17,greedy,136
90,189.05555555555554,5,19,12,17,greedy,137
90,188.51111111111112,6,20,12,17,greedy,138
90,187.51111111111112,6,20,12,17,greedy,139
90,186.5222222222222,6,20,12,17,greedy,140
90,185.53333333333333,7,20,12,17,greedy,141
90,186.11111111111111,7,20,12,18,greedy,142
90,186.7,6,20,13,18,greedy,143
90,185.7111111111111,6,20,13,18,greedy,144
90,184.72222222222223,6,20,13,18,greedy,145
90,183.73333333333332,6,20,13,18,greedy,146
90,182.74444444444444,7,20,13,18,greedy,147
90,181.75555555555556,7,20,13,18,greedy,148
90,180.76666666666668,6,20,13,18,greedy,149
90,179.77777777777777,7,20,13,18,greedy,150
90,178.7888888888889,6,20,13,18,greedy,151
90,177.8,5,20,13,18,greedy,152
90,176.8,6,20,13,18,greedy,153
90,175.8111111111111,6,20,13,18,greedy,154
90,174.8111111111111,6,20,13,18,greedy,155
90,173.86666666666667,7,20,13,18,greedy,156
90,172.86666666666667,7,20,13,18,greedy,157
90,171.87777777777777,6,20,13,18,greedy,158
90,171.36666666666667,7,20,14,18,greedy,159
90,170.38888888888889,7,20,14,18,greedy,160
90,169.38888888888889,7,20,14,18,greedy,161
90,168.84444444444443,8,20,15,18,greedy,162
90,167.85555555555555,7,20,15,18,greedy,163
90,166.85555555555555,7,20,15,18,greedy,164
90,165.87777777777777,8,20,15,18,greedy,165
90,164.87777777777777,8,20,15,18,greedy,166
90,163.88888888888889,7,20,15,18,greedy,167
90,163.8,8,21,15,19,greedy,168
90,163.26666666666668,7,22,15,19,greedy,169
90,162.26666666666668,7,22,15,19,greedy,170
90,161.26666666666668,8,22,15,19,greedy,171
90,160.26666666666668,8,22,15,19,greedy,172
90,160.75555555555556,8,23,15,19,greedy,173
90,159.75555555555556,9,23,15,19,greedy,174
90,159.2111111111111,9,23,15,20,greedy,175
90,158.2111111111111,9,23,15,20,greedy,176
90,157.22222222222223,9,23,15,20,greedy,177
90,156.22222222222223,9,23,15,20,greedy,178
90,155.23333333333332,9,23,15,20,greedy,179
90,154.24444444444444,10,23,15,20,greedy,180
90,155.24444444444444,10,23,15,21,greedy,181
90,154.24444444444444,10,23,15,21,greedy,182
90,154.83333333333334,9,24,15,21,greedy,183
90,153.84444444444443,9,24,15,21,greedy,184
90,153.3111111111111,8,24,16,21,greedy,185
90,152.3111111111111,9,24,16,21,greedy,186
90,153.38888888888889,8,24,17,21,greedy,187
90,152.4,8,24,17,21,greedy,188
90,151.4,9,24,17,21,greedy,189
90,150.4,9,24,17,21,greedy,190
90,149.4,9,24,17,21,greedy,191
90,148.4111111111111,10,24,17,21,greedy,192
90,147.88888888888889,10,25,17,21,greedy,193
90,146.88888888888889,10,25,17,21,greedy,194
90,145.9,11,25,17,21,greedy,195
90,144.9111111111111,10,25,17,21,greedy,196
90,144.38888888888889,8,25,18,21,greedy,197
90,143.4111111111111,9,25,18,21,greedy,198
90,142.87777777777777,8,25,18,22,greedy,199
90,141.88888888888889,8,25,18,22,greedy,200
90,140.9,9,25,18,22,greedy,201
90,139.93333333333334,8,25,18,22,greedy,202
90,138.94444444444446,8,25,18,22,greedy,203
90,138.45555555555555,8,25,18,23,greedy,204
90,137.46666666666667,7,25,18,23,greedy,205
90,136.93333333333334,6,26,18,23,greedy,206
90,135.96666666666667,6,26,18,23,greedy,207
90,134.98888888888888,5,26,18,23,greedy,208
90,133.98888888888888,5,26,18,23,greedy,209
90,133.44444444444446,6,27,18,23,greedy,210
90,132.45555555555555,6,27,18,23,greedy,211
90,131.45555555555555,6,27,18,23,greedy,212
90,130.45555555555555,7,27,18,23,greedy,213
90,129.45555555555555,7,27,18,23,greedy,214
90,128.92222222222222,6,27,19,23,greedy,215
90,127.92222222222222,7,27,19,23,greedy,216
90,126.92222222222222,7,27,19,23,greedy,217
90,125.92222222222222,7,27,19,23,greedy,218
90,127.33333333333333,8,28,20,23,greedy,219
90,126.33333333333333,8,28,20,23,greedy,220
90,125.33333333333333,8,28,20,23,greedy,221
90,127.04444444444445,9,28,22,23,greedy,222
90,126.05555555555556,8,28,22,23,greedy,223
90,127.74444444444444,8,28,23,24,greedy,224
90,126.74444444444444,9,28,23,24,greedy,225
90,125.76666666666667,8,28,23,24,greedy,226
90,125.67777777777778,8,29,23,25,greedy,227
90,124.71111111111111,9,29,23,25,greedy,228
90,123.73333333333333,9,29,23,25,greedy,229
90,122.74444444444444,8,29,23,25,greedy,230
90,122.21111111111111,9,29,24,25,greedy,231
90,121.74444444444444,9,30,24,25,greedy,232
90,120.76666666666667,9,30,24,25,greedy,233
90,119.76666666666667,10,30,24,25,greedy,234
90,121.45555555555555,10,31,24,26,greedy,235
90,122.58888888888889,10,32,24,26,greedy,236
90,122.05555555555556,11,32,24,27,greedy,237
90,121.07777777777778,11,32,24,27,greedy,238
90,120.07777777777778,11,32,24,27,greedy,239
90,119.07777777777778,12,32,24,27,greedy,240
90,118.08888888888889,11,32,24,27,greedy,241
90,117.11111111111111,9,32,24,27,greedy,242
90,116.11111111111111,10,32,24,27,greedy,243
90,115.11111111111111,10,32,24,27,greedy,244
90,114.11111111111111,10,32,24,27,greedy,245
90,113.11111111111111,11,32,24,27,greedy,246
90,112.12222222222222,11,32,24,27,greedy,247
90,111.12222222222222,11,32,24,27,greedy,248
90,110.12222222222222,12,32,24,27,greedy,249
90,109.12222222222222,12,32,24,27,greedy,250
90,108.13333333333334,11,32,24,27,greedy,251
90,107.13333333333334,12,32,24,27,greedy,252
90,106.58888888888889,12,32,25,27,greedy,253
90,107.82222222222222,12,32,26,27,greedy,254
90,106.83333333333333,13,32,26,27,greedy,255
90,105.83333333333333,13,32,26,27,greedy,256
90,104.84444444444445,13,32,26,27,greedy,257
90,103.88888888888889,14,32,26,27,greedy,258
90,102.91111111111111,13,32,26,27,greedy,259
90,101.94444444444444,12,32,26,27,greedy,260
90,100.96666666666667,12,32,26,27,greedy,261
90,99.9888888888889,12,32,26,27,greedy,262
90,99.0111111111111,11,32,26,27,greedy,263
90,100.72222222222223,11,33,26,28,greedy,264
90,99.72222222222223,11,33,26,28,greedy,265
90,98.72222222222223,11,33,26,28,greedy,266
90,97.73333333333333,11,33,26,28,greedy,267
90,96.73333333333333,11,33,26,28,greedy,268
90,97.38888888888889,11,33,27,28,greedy,269
90,96.38888888888889,12,33,27,28,greedy,270
90,95.4,12,33,27,28,greedy,271
90,94.4,12,33,27,28,greedy,272
90,95.66666666666667,13,33,28,28,greedy,273
90,94.67777777777778,13,33,28,28,greedy,274
90,93.7,12,33,28,28,greedy,275
90,92.74444444444444,12,33,28,28,greedy,276
90,91.77777777777777,12,33,28,28,greedy,277
90,90.78888888888889,12,33,28,28,greedy,278
90,90.25555555555556,12,34,28,28,greedy,279
90,89.74444444444444,11,34,28,29,greedy,280
90,88.75555555555556,11,34,28,29,greedy,281
90,87.75555555555556,12,34,28,29,greedy,282
90,86.75555555555556,12,34,28,29,greedy,283
90,85.76666666666667,11,34,28,29,greedy,284
90,84.76666666666667,12,34,28,29,greedy,285
90,83.76666666666667,12,34,28,29,greedy,286
90,85.0,12,34,29,29,greedy,287
90,84.45555555555555,13,34,30,29,greedy,288
90,83.46666666666667,13,34,30,29,greedy,289
90,82.46666666666667,13,34,30,29,greedy,290
90,82.86666666666666,14,35,30,30,greedy,291
90,81.86666666666666,14,35,30,30,greedy,292
90,83.11111111111111,13,35,31,30,greedy,293
90,82.11111111111111,14,35,31,30,greedy,294
90,81.11111111111111,14,35,31,30,greedy,295
90,80.11111111111111,14,35,31,30,greedy,296
90,79.12222222222222,15,35,31,30,greedy,297
90,78.12222222222222,15,35,31,30,greedy,298
90,77.57777777777778,15,35,31,31,greedy,299
78,88.51282051282051,16,35,31,31,greedy,300
78,87.52564102564102,15,35,31,31,greedy,301
68,99.41176470588235,15,35,31,31,greedy,302
68,98.42647058823529,16,35,31,31,greedy,303
67,99.50746268656717,16,35,32,31,greedy,304
67,98.5223880597015,16,35,32,31,greedy,305
67,97.58208955223881,16,35,32,31,greedy,306
67,99.59701492537313,15,35,33,31,greedy,307
67,98.64179104477611,14,35,33,31,greedy,308
67,97.65671641791045,14,35,33,31,greedy,309
67,96.67164179104478,13,35,33,31,greedy,310
67,95.67164179104478,13,35,33,31,greedy,311
67,94.68656716417911,13,35,33,31,greedy,312
67,93.68656716417911,13,35,33,31,greedy,313
67,92.68656716417911,13,35,33,31,greedy,314
67,91.74626865671642,14,35,33,31,greedy,315
67,90.74626865671642,14,35,33,31,greedy,316
67,89.76119402985074,13,35,33,31,greedy,317
67,89.3731343283582,14,36,33,31,greedy,318
66,89.75757575757575,14,36,33,31,greedy,319
66,88.75757575757575,14,36,33,31,greedy,320
66,87.75757575757575,15,36,33,31,greedy,321
65,88.73846153846154,15,36,33,32,greedy,322
65,87.75384615384615,15,36,33,32,greedy,323
65,86.75384615384615,16,36,33,32,greedy,324
65,85.76923076923077,16,36,33,32,greedy,325
65,84.76923076923077,16,36,33,32,greedy,326
65,87.50769230769231,16,36,34,33,greedy,327
65,86.50769230769231,16,36,34,33,greedy,328
65,85.52307692307693,15,36,34,33,greedy,329
65,84.53846153846153,16,36,34,33,greedy,330
65,83.53846153846153,16,36,34,33,greedy,331
65,83.18461538461538,16,36,34,34,greedy,332
65,82.18461538461538,17,36,34,34,greedy,333
65,81.2,16,36,34,34,greedy,334
65,80.2,16,36,34,34,greedy,335
64,81.109375,16,36,34,35,greedy,336
64,80.109375,16,36,34,35,greedy,337
64,79.109375,16,36,34,35,greedy,338
64,78.109375,17,36,34,35,greedy,339
64,77.125,17,36,34,35,greedy,340
64,76.125,17,36,34,35,greedy,341
64,75.765625,18,36,34,36,greedy,342
56,85.58928571428571,18,36,34,36,greedy,343
54,87.77777777777777,17,36,34,36,greedy,344
47,99.85106382978724,18,37,34,36,greedy,345
47,98.85106382978724,18,37,34,36,greedy,346
45,102.26666666666667,18,37,34,36,greedy,347
45,102.17777777777778,19,37,35,36,greedy,348
45,101.17777777777778,19,37,35,36,greedy,349
45,104.64444444444445,19,37,35,37,greedy,350
45,103.66666666666667,19,37,35,37,greedy,351
45,102.66666666666667,19,37,35,37,greedy,352
45,101.66666666666667,19,37,35,37,greedy,353
45,100.71111111111111,20,37,35,37,greedy,354
45,99.73333333333333,20,37,35,37,greedy,355
44,101.0,20,37,35,37,greedy,356
43,102.34883720930233,21,37,35,37,greedy,357
43,101.37209302325581,20,37,35,37,greedy,358
43,100.3953488372093,19,37,35,37,greedy,359
43,99.3953488372093,20,37,35,37,greedy,360
43,98.3953488372093,20,37,35,37,greedy,361
43,102.06976744186046,20,37,35,38,greedy,362
43,101.06976744186046,21,37,35,38,greedy,363
43,101.02325581395348,21,37,35,39,greedy,364
43,100.02325581395348,21,37,35,39,greedy,365
43,99.02325581395348,22,37,35,39,greedy,366
42,100.38095238095238,22,37,35,39,greedy,367
42,100.35714285714286,22,37,36,39,greedy,368
42,99.35714285714286,23,37,36,39,greedy,369
42,98.35714285714286,23,37,36,39,greedy,370
42,102.14285714285714,23,38,36,39,greedy,371
41,103.65853658536585,24,38,36,39,greedy,372
41,102.65853658536585,24,38,36,39,greedy,373
39,106.94871794871794,24,38,36,39,greedy,374
38,108.76315789473684,25,38,36,39,greedy,375
38,107.76315789473684,25,38,36,39,greedy,376
37,109.67567567567568,25,38,36,39,greedy,377
37,109.8108108108108,25,38,37,39,greedy,378
37,108.8108108108108,25,38,37,39,greedy,379
37,107.8108108108108,25,38,37,39,greedy,380
37,106.91891891891892,26,38,37,39,greedy,381
37,110.67567567567568,26,38,38,39,greedy,382
37,109.70270270270271,25,38,38,39,greedy,383
37,108.72972972972973,26,38,38,39,greedy,384
37,107.8108108108108,26,38,38,39,greedy,385
36,109.80555555555556,26,38,38,39,greedy,386
36,108.83333333333333,26,38,38,39,greedy,387
35,110.94285714285714,26,38,38,39,greedy,388
35,109.94285714285714,26,38,38,39,greedy,389
35,108.94285714285714,27,38,38,39,greedy,390
35,107.94285714285714,27,38,38,39,greedy,391
35,106.94285714285714,27,38,38,39,greedy,392
35,107.17142857142858,28,38,38,40,greedy,393
35,107.34285714285714,28,39,38,40,greedy,394
35,106.34285714285714,28,39,38,40,greedy,395
35,105.34285714285714,29,39,38,40,greedy,396
35,104.4,27,39,38,40,greedy,397
35,103.42857142857143,27,39,38,40,greedy,398
35,102.42857142857143,28,39,38,40,greedy,399
35,101.45714285714286,28,39,38,40,greedy,400
35,100.45714285714286,28,39,38,40,greedy,401
35,99.48571428571428,28,39,38,40,greedy,402
34,101.41176470588235,28,39,38,40,greedy,403
34,100.44117647058823,27,39,38,40,greedy,404
34,100.6470588235294,28,39,39,40,greedy,405
34,99.67647058823529,28,39,39,40,greedy,406
34,98.67647058823529,28,39,39,40,greedy,407
33,100.66666666666667,29,39,39,40,greedy,408
33,99.66666666666667,29,39,39,40,greedy,409
33,98.6969696969697,28,39,39,40,greedy,410
33,97.6969696969697,29,39,39,40,greedy,411
33,96.6969696969697,29,39,39,40,greedy,412
33,95.72727272727273,29,39,39,40,greedy,413
33,94.72727272727273,30,39,39,40,greedy,414
33,93.78787878787878,30,39,39,40,greedy,415
33,92.78787878787878,30,39,39,40,greedy,416
33,91.84848484848484,30,39,39,40,greedy,417
33,90.87878787878788,30,39,39,40,greedy,418
32,92.78125,28,39,39,40,greedy,419
32,91.78125,29,39,39,40,greedy,420
32,90.8125,28,39,39,40,greedy,421
31,92.80645161290323,27,39,39,40,greedy,422
31,91.80645161290323,28,39,39,40,greedy,423
31,90.80645161290323,28,39,39,40,greedy,424
31,89.80645161290323,28,39,39,40,greedy,425
31,88.83870967741936,28,39,39,40,greedy,426
31,87.83870967741936,28,39,39,40,greedy,427
31,86.83870967741936,28,39,39,40,greedy,428
31,85.83870967741936,29,39,39,40,greedy,429
31,84.83870967741936,29,39,39,40,greedy,430
31,85.16129032258064,29,39,40,40,greedy,431
31,84.16129032258064,30,39,40,40,greedy,432
31,83.16129032258064,30,39,40,40,greedy,433
30,84.93333333333334,30,39,40,40,greedy,434
29,86.86206896551724,31,39,40,40,greedy,435
29,85.89655172413794,31,39,40,40,greedy,436
29,84.93103448275862,31,39,40,40,greedy,437
29,83.93103448275862,32,39,40,40,greedy,438
29,82.93103448275862,32,39,40,40,greedy,439
28,84.92857142857143,31,39,40,40,greedy,440
28,83.96428571428571,31,39,40,40,greedy,441
28,90.14285714285714,31,39,41,40,greedy,442
28,89.17857142857143,31,39,41,40,greedy,443
28,88.17857142857143,32,39,41,40,greedy,444
28,87.17857142857143,32,39,41,40,greedy,445
28,86.17857142857143,32,39,41,40,greedy,446
28,86.67857142857143,32,40,41,40,greedy,447
28,85.67857142857143,32,40,41,40,greedy,448
28,91.82142857142857,32,41,41,40,greedy,449
27,101.66666666666667,33,41,41,41,greedy,450
26,104.61538461538461,33,42,41,41,greedy,451
26,103.61538461538461,33,42,41,41,greedy,452
26,104.1923076923077,34,43,41,41,greedy,453
26,110.92307692307692,34,44,41,41,greedy,454
26,109.96153846153847,33,44,41,41,greedy,455
26,118.26923076923077,34,44,43,41,greedy,456
26,117.26923076923077,34,44,43,41,greedy,457
26,116.26923076923077,34,44,43,41,greedy,458
26,115.3076923076923,35,44,43,41,greedy,459
26,114.3076923076923,35,44,43,41,greedy,460
25,117.88,35,44,43,41,greedy,461
25,116.92,36,44,43,41,greedy,462
25,115.96,35,44,43,41,greedy,463
25,114.96,35,44,43,41,greedy,464
25,114.0,35,44,43,41,greedy,465
25,114.64,35,45,43,41,greedy,466
25,113.64,35,45,43,41,greedy,467
25,112.64,36,45,43,41,greedy,468
25,111.64,36,45,43,41,greedy,469
25,110.64,36,45,43,41,greedy,470
24,114.25,37,45,43,41,greedy,471
24,113.25,37,45,43,41,greedy,472
24,113.95833333333333,37,46,43,41,greedy,473
24,121.08333333333333,38,46,44,41,greedy,474
24,120.08333333333333,38,46,44,41,greedy,475
23,124.30434782608695,38,46,44,41,greedy,476
23,123.30434782608695,39,46,44,41,greedy,477
23,122.30434782608695,39,46,44,41,greedy,478
23,121.30434782608695,39,46,44,41,greedy,479
23,120.3913043478261,40,46,44,41,greedy,480
23,119.3913043478261,40,46,44,41,greedy,481
23,118.3913043478261,40,46,44,41,greedy,482
23,117.47826086956522,40,46,44,41,greedy,483
23,116.52173913043478,40,46,44,41,greedy,484
23,115.52173913043478,40,46,44,41,greedy,485
22,119.77272727272727,41,46,44,41,greedy,486
22,118.81818181818181,40,46,44,41,greedy,487
22,117.81818181818181,40,46,44,41,greedy,488
22,116.81818181818181,41,46,44,41,greedy,489
22,115.86363636363636,41,46,44,41,greedy,490
22,114.86363636363636,41,46,44,41,greedy,491
22,113.86363636363636,42,46,44,41,greedy,492
22,119.31818181818181,42,46,46,41,greedy,493
22,118.36363636363636,41,46,46,41,greedy,494
22,117.36363636363636,42,46,46,41,greedy,495
22,116.36363636363636,42,46,46,41,greedy,496
22,115.36363636363636,42,46,46,41,greedy,497
22,116.22727272727273,43,46,47,41,greedy,498
22,115.22727272727273,43,46,47,41,greedy,499
22,114.27272727272727,43,46,47,41,greedy,500
22,113.27272727272727,44,46,47,41,greedy,501
22,112.27272727272727,44,46,47,41,greedy,502
21,116.66666666666667,44,46,47,41,greedy,503
21,115.71428571428571,44,46,47,41,greedy,504
19,126.89473684210526,44,46,47,41,greedy,505
19,125.89473684210526,44,46,47,41,greedy,506
19,125.05263157894737,44,46,47,41,greedy,507
19,124.10526315789474,44,46,47,41,greedy,508
19,123.15789473684211,43,46,47,41,greedy,509
19,122.21052631578948,44,46,47,41,greedy,510
19,123.36842105263158,44,47,47,41,greedy,511
19,122.42105263157895,44,47,47,41,greedy,512
19,121.42105263157895,45,47,47,41,greedy,513
19,120.42105263157895,45,47,47,41,greedy,514
19,119.42105263157895,45,47,47,41,greedy,515
19,118.42105263157895,46,47,47,41,greedy,516
18,126.27777777777777,46,47,48,41,greedy,517
18,125.27777777777777,46,47,48,41,greedy,518
18,137.72222222222223,47,47,49,42,greedy,519
18,136.72222222222223,47,47,49,42,greedy,520
17,143.76470588235293,47,47,49,42,greedy,521
17,142.8235294117647,48,47,49,42,greedy,522
17,141.8235294117647,48,47,49,42,greedy,523
17,140.88235294117646,48,47,49,42,greedy,524
17,139.94117647058823,49,47,49,42,greedy,525
17,139.0,48,47,49,42,greedy,526
16,146.6875,48,47,49,42,greedy,527
16,145.75,49,47,49,42,greedy,528
16,144.8125,48,47,49,42,greedy,529
16,143.8125,48,47,49,42,greedy,530
16,142.8125,49,47,49,42,greedy,531
15,154.06666666666666,49,47,50,42,greedy,532
15,153.06666666666666,49,47,50,42,greedy,533
15,152.13333333333333,50,47,50,42,greedy,534
15,151.13333333333333,50,47,50,42,greedy,535
15,150.13333333333333,50,47,50,42,greedy,536
15,149.2,51,47,50,42,greedy,537
15,148.26666666666668,50,47,50,42,greedy,538
15,150.0,50,47,50,43,greedy,539
15,149.06666666666666,50,47,50,43,greedy,540
15,148.13333333333333,50,47,50,43,greedy,541
15,147.13333333333333,50,47,50,43,greedy,542
15,146.13333333333333,51,47,50,43,greedy,543
15,145.13333333333333,51,47,50,43,greedy,544
15,144.2,50,47,50,43,greedy,545
15,143.26666666666668,51,47,50,43,greedy,546
15,145.0,51,48,50,43,greedy,547
15,146.73333333333332,51,49,50,43,greedy,548
15,145.8,52,49,50,43,greedy,549
15,144.86666666666667,51,49,50,43,greedy,550
15,143.86666666666667,51,49,50,43,greedy,551
15,142.86666666666667,52,49,50,43,greedy,552
15,141.93333333333334,51,49,50,43,greedy,553
15,140.93333333333334,51,49,50,43,greedy,554
15,142.73333333333332,52,50,50,43,greedy,555
15,141.73333333333332,52,50,50,43,greedy,556
15,140.73333333333332,52,50,50,43,greedy,557
15,139.8,52,50,50,43,greedy,558
15,138.8,52,50,50,43,greedy,559
15,137.8,52,50,50,43,greedy,560
15,136.8,53,50,50,43,greedy,561
15,135.8,53,50,50,43,greedy,562
15,134.8,53,50,50,43,greedy,563
15,133.8,54,50,50,43,greedy,564
15,132.8,54,50,50,43,greedy,565
15,131.8,54,50,50,43,greedy,566
15,130.8,55,50,50,43,greedy,567
15,129.8,55,50,50,43,greedy,568
15,136.6,55,50,51,43,greedy,569
14,145.35714285714286,56,50,51,43,greedy,570
14,147.28571428571428,56,51,51,43,greedy,571
14,146.28571428571428,56,51,51,43,greedy,572
14,145.35714285714286,57,51,51,43,greedy,573
14,144.35714285714286,57,51,51,43,greedy,574
14,143.35714285714286,57,51,51,43,greedy,575
14,142.35714285714286,58,51,51,43,greedy,576
14,141.42857142857142,57,51,51,43,greedy,577
14,140.42857142857142,57,51,51,43,greedy,578
14,139.42857142857142,58,51,51,43,greedy,579
13,149.15384615384616,58,51,51,43,greedy,580
13,151.3846153846154,58,51,52,43,greedy,581
13,150.3846153846154,59,51,52,43,greedy,582
13,149.3846153846154,59,51,52,43,greedy,583
13,148.3846153846154,59,51,52,43,greedy,584
13,147.46153846153845,59,51,52,43,greedy,585
13,146.46153846153845,59,51,52,43,greedy,586
13,148.6153846153846,59,51,52,44,greedy,587
13,147.6153846153846,60,51,52,44,greedy,588
13,146.6153846153846,60,51,52,44,greedy,589
13,145.6153846153846,60,51,52,44,greedy,590
13,144.69230769230768,61,51,52,44,greedy,591
13,143.69230769230768,61,51,52,44,greedy,592
13,142.69230769230768,61,51,52,44,greedy,593
13,141.69230769230768,62,51,52,44,greedy,594
13,140.76923076923077,61,51,52,44,greedy,595
13,139.76923076923077,61,51,52,44,greedy,596
13,138.76923076923077,62,51,52,44,greedy,597
13,153.23076923076923,62,51,53,44,greedy,598
13,152.23076923076923,62,51,53,44,greedy,599
13,151.23076923076923,63,51,53,44,greedy,600
13,150.23076923076923,63,51,53,44,greedy,601
13,149.23076923076923,63,51,53,44,greedy,602
13,148.23076923076923,64,51,53,44,greedy,603
13,147.23076923076923,64,51,53,44,greedy,604
13,146.3846153846154,64,51,53,44,greedy,605
13,145.3846153846154,65,51,53,44,greedy,606
12,156.5,65,51,53,44,greedy,607
12,155.5,65,51,53,44,greedy,608
12,154.58333333333334,65,51,53,44,greedy,609
12,153.58333333333334,65,51,53,44,greedy,610
12,152.58333333333334,65,51,53,44,greedy,611
12,151.58333333333334,66,51,53,44,greedy,612
12,150.58333333333334,66,51,53,44,greedy,613
12,149.66666666666666,66,51,53,44,greedy,614
12,148.66666666666666,67,51,53,44,greedy,615
12,151.08333333333334,67,51,53,45,greedy,616
12,150.08333333333334,67,51,53,45,greedy,617
12,152.58333333333334,67,51,54,45,greedy,618
11,165.63636363636363,67,51,54,45,greedy,619
11,164.63636363636363,67,51,54,45,greedy,620
11,176.9090909090909,68,52,54,45,greedy,621
11,175.9090909090909,68,52,54,45,greedy,622
11,175.0909090909091,66,52,54,45,greedy,623
11,174.0909090909091,67,52,54,45,greedy,624
11,177.0,66,53,54,45,greedy,625
11,176.0,66,53,54,45,greedy,626
11,175.0,67,53,54,45,greedy,627
11,174.0,67,53,54,45,greedy,628
11,173.0909090909091,66,53,54,45,greedy,629
11,172.0909090909091,67,53,54,45,greedy,630
11,171.27272727272728,67,53,54,45,greedy,631
11,170.27272727272728,67,53,54,45,greedy,632
11,169.27272727272728,68,53,54,45,greedy,633
11,168.27272727272728,68,53,54,45,greedy,634
11,167.45454545454547,66,53,54,45,greedy,635
11,166.54545454545453,67,53,54,45,greedy,636
11,165.54545454545453,67,53,54,45,greedy,637
11,164.54545454545453,67,53,54,45,greedy,638
11,163.54545454545453,68,53,54,45,greedy,639
11,162.63636363636363,67,53,54,45,greedy,640
11,161.63636363636363,67,53,54,45,greedy,641
11,160.63636363636363,68,53,54,45,greedy,642
11,159.63636363636363,68,53,54,45,greedy,643
11,158.63636363636363,68,53,54,45,greedy,644
11,157.63636363636363,69,53,54,45,greedy,645
11,156.63636363636363,69,53,54,45,greedy,646
11,155.63636363636363,69,53,54,45,greedy,647
11,154.72727272727272,70,53,54,45,greedy,648
11,153.72727272727272,70,53,54,45,greedy,649
11,156.45454545454547,70,53,55,45,greedy,650
11,155.45454545454547,71,53,55,45,greedy,651
11,154.54545454545453,70,53,55,45,greedy,652
11,153.63636363636363,70,53,55,45,greedy,653
11,152.63636363636363,71,53,55,45,greedy,654
11,155.36363636363637,71,54,55,45,greedy,655
11,154.36363636363637,71,54,55,45,greedy,656
11,153.45454545454547,71,54,55,45,greedy,657
11,156.1818181818182,71,55,55,45,greedy,658
11,155.1818181818182,71,55,55,45,greedy,659
11,157.9090909090909,72,56,55,45,greedy,660
11,156.9090909090909,72,56,55,45,greedy,661
11,170.9090909090909,72,57,55,45,greedy,662
11,169.9090909090909,73,57,55,45,greedy,663
11,168.9090909090909,73,57,55,45,greedy,664
11,167.9090909090909,73,57,55,45,greedy,665
11,166.9090909090909,74,57,55,45,greedy,666
11,165.9090909090909,74,57,55,45,greedy,667
11,164.9090909090909,74,57,55,45,greedy,668
11,163.9090909090909,75,57,55,45,greedy,669
11,162.9090909090909,75,57,55,45,greedy,670
11,161.9090909090909,75,57,55,45,greedy,671
11,179.1818181818182,76,57,55,46,greedy,672
11,178.27272727272728,76,57,55,46,greedy,673
11,177.27272727272728,76,57,55,46,greedy,674
11,194.54545454545453,77,57,55,47,greedy,675
11,193.63636363636363,77,57,55,47,greedy,676
11,192.72727272727272,76,57,55,47,greedy,677
11,191.8181818181818,77,57,55,47,greedy,678
11,190.8181818181818,77,57,55,47,greedy,679
11,189.9090909090909,77,57,55,47,greedy,680
11,198.0,77,57,55,48,greedy,681
11,197.0,77,57,55,48,greedy,682
11,196.0,77,57,55,48,greedy,683
11,195.0,78,57,55,48,greedy,684
11,197.72727272727272,78,57,55,49,greedy,685
11,196.72727272727272,78,57,55,49,greedy,686
11,195.72727272727272,79,57,55,49,greedy,687
11,194.8181818181818,79,57,55,49,greedy,688
11,193.9090909090909,79,57,55,49,greedy,689
11,192.9090909090909,80,57,55,49,greedy,690
11,191.9090909090909,80,57,55,49,greedy,691
11,194.8181818181818,79,57,56,49,greedy,692
11,197.63636363636363,79,58,56,49,greedy,693
11,196.72727272727272,79,58,56,49,greedy,694
11,195.72727272727272,79,58,56,49,greedy,695
11,194.8181818181818,80,58,56,49,greedy,696
11,193.8181818181818,80,58,56,49,greedy,697
11,192.9090909090909,79,58,56,49,greedy,698
11,191.9090909090909,80,58,56,49,greedy,699
11,190.9090909090909,80,58,56,49,greedy,700
11,189.9090909090909,80,58,56,49,greedy,701
11,192.63636363636363,81,58,56,50,greedy,702
11,191.63636363636363,81,58,56,50,greedy,703
11,190.63636363636363,81,58,56,50,greedy,704
11,189.63636363636363,82,58,56,50,greedy,705
11,188.63636363636363,82,58,56,50,greedy,706
11,187.72727272727272,82,58,56,50,greedy,707
11,186.72727272727272,83,58,56,50,greedy,708
11,185.72727272727272,83,58,56,50,greedy,709
11,184.72727272727272,83,58,56,50,greedy,710
11,183.8181818181818,83,58,56,50,greedy,711
11,182.9090909090909,83,58,56,50,greedy,712
11,181.9090909090909,83,58,56,50,greedy,713
11,180.9090909090909,84,58,56,50,greedy,714
11,179.9090909090909,84,58,56,50,greedy,715
11,179.0,83,58,56,50,greedy,716
11,178.0,84,58,56,50,greedy,717
11,177.0,84,58,56,50,greedy,718
11,176.0,84,58,56,50,greedy,719
11,175.0,85,58,56,50,greedy,720
11,174.0,85,58,56,50,greedy,721
11,173.0,85,58,56,50,greedy,722
11,172.0,86,58,56,50,greedy,723
11,171.0,86,58,56,50,greedy,724
11,170.0,86,58,56,50,greedy,725
11,182.36363636363637,87,58,57,50,greedy,726
11,181.36363636363637,87,58,57,50,greedy,727
11,180.36363636363637,87,58,57,50,greedy,728
11,183.0909090909091,88,58,58,50,greedy,729
11,182.0909090909091,88,58,58,50,greedy,730
11,184.8181818181818,88,58,59,50,greedy,731
11,183.8181818181818,89,58,59,50,greedy,732
11,186.54545454545453,89,58,60,50,greedy,733
11,185.54545454545453,89,58,60,50,greedy,734
11,184.54545454545453,90,58,60,50,greedy,735
11,183.54545454545453,90,58,60,50,greedy,736
11,182.54545454545453,90,58,60,50,greedy,737
11,181.54545454545453,91,58,60,50,greedy,738
11,180.63636363636363,91,58,60,50,greedy,739
11,179.63636363636363,91,58,60,50,greedy,740
11,178.63636363636363,92,58,60,50,greedy,741
11,177.72727272727272,92,58,60,50,greedy,742
11,176.8181818181818,91,58,60,50,greedy,743
11,175.8181818181818,92,58,60,50,greedy,744
11,174.9090909090909,92,58,60,50,greedy,745
11,174.0,91,58,60,50,greedy,746
11,173.0,92,58,60,50,greedy,747
11,172.0,92,58,60,50,greedy,748
11,171.0909090909091,91,58,60,50,greedy,749
11,170.1818181818182,92,58,60,50,greedy,750
11,169.1818181818182,92,58,60,50,greedy,751
11,168.1818181818182,92,58,60,50,greedy,752
11,167.1818181818182,93,58,60,50,greedy,753
11,166.27272727272728,92,58,60,50,greedy,754
11,165.27272727272728,92,58,60,50,greedy,755
11,164.36363636363637,93,58,60,50,greedy,756
11,163.36363636363637,93,58,60,50,greedy,757
11,162.36363636363637,93,58,60,50,greedy,758
11,161.36363636363637,94,58,60,50,greedy,759
11,160.54545454545453,93,58,60,50,greedy,760
11,159.54545454545453,93,58,60,50,greedy,761
11,158.54545454545453,94,58,60,50,greedy,762
11,157.54545454545453,94,58,60,50,greedy,763
11,156.72727272727272,93,58,60,50,greedy,764
11,159.45454545454547,94,59,60,50,greedy,765
11,158.54545454545453,94,59,60,50,greedy,766
11,166.72727272727272,94,60,60,50,greedy,767
11,166.0,94,60,60,50,greedy,768
11,165.0909090909091,93,60,60,50,greedy,769
11,164.1818181818182,92,60,60,50,greedy,770
11,163.27272727272728,93,60,60,50,greedy,771
11,166.0,93,61,60,50,greedy,772
11,165.0,93,61,60,50,greedy,773
11,164.0,94,61,60,50,greedy,774
11,163.0,94,61,60,50,greedy,775
11,162.0,94,61,60,50,greedy,776
11,161.0,95,61,60,50,greedy,777
11,160.0,95,61,60,50,greedy,778
11,159.0,95,61,60,50,greedy,779
11,161.72727272727272,96,61,61,50,greedy,780
11,160.72727272727272,96,61,61,50,greedy,781
11,171.0909090909091,96,61,62,50,greedy,782
11,173.8181818181818,97,62,62,50,greedy,783
11,172.8181818181818,97,62,62,50,greedy,784
11,175.54545454545453,97,63,62,50,greedy,785
11,174.54545454545453,98,63,62,50,greedy,786
11,177.27272727272728,98,63,63,50,greedy,787
11,176.27272727272728,98,63,63,50,greedy,788
11,175.27272727272728,99,63,63,50,greedy,789
11,174.27272727272728,99,63,63,50,greedy,790
11,173.27272727272728,99,63,63,50,greedy,791
11,172.27272727272728,100,63,63,50,greedy,792
11,171.27272727272728,100,63,63,50,greedy,793
11,170.27272727272728,100,63,63,50,greedy,794
11,169.27272727272728,101,63,63,50,greedy,795
11,168.27272727272728,101,63,63,50,greedy,796
11,167.27272727272728,101,63,63,50,greedy,797
11,166.27272727272728,102,63,63,50,greedy,798
11,165.27272727272728,102,63,63,50,greedy,799
11,164.36363636363637,102,63,63,50,greedy,800
11,163.36363636363637,103,63,63,50,greedy,801
11,162.36363636363637,103,63,63,50,greedy,802
11,161.36363636363637,103,63,63,50,greedy,803
11,160.45454545454547,103,63,63,50,greedy,804
11,159.45454545454547,103,63,63,50,greedy,805
11,158.45454545454547,103,63,63,50,greedy,806
11,161.1818181818182,104,63,63,51,greedy,807
11,160.1818181818182,104,63,63,51,greedy,808
11,159.1818181818182,104,63,63,51,greedy,809
10,174.1,105,63,63,51,greedy,810
10,173.1,105,63,63,51,greedy,811
10,172.1,105,63,63,51,greedy,812
10,171.1,106,63,63,51,greedy,813
10,170.2,106,63,63,51,greedy,814
10,187.9,106,63,63,52,greedy,815
10,186.9,107,63,63,52,greedy,816
10,185.9,107,63,63,52,greedy,817
10,185.0,106,63,63,52,greedy,818
10,184.0,107,63,63,52,greedy,819
10,183.0,107,63,63,52,greedy,820
10,182.0,107,63,63,52,greedy,821
10,181.0,108,63,63,52,greedy,822
10,180.1,108,63,63,52,greedy,823
10,179.1,108,63,63,52,greedy,824
10,178.1,109,63,63,52,greedy,825
10,177.1,109,63,63,52,greedy,826
10,176.2,108,63,63,52,greedy,827
10,175.3,109,63,63,52,greedy,828
10,174.3,109,63,63,52,greedy,829
10,173.3,109,63,63,52,greedy,830
10,172.4,109,63,63,52,greedy,831
10,171.4,109,63,63,52,greedy,832
10,174.5,109,64,63,52,greedy,833
10,173.5,110,64,63,52,greedy,834
10,172.5,110,64,63,52,greedy,835
10,171.5,110,64,63,52,greedy,836
10,170.5,111,64,63,52,greedy,837
10,173.6,111,64,64,52,greedy,838
10,172.6,111,64,64,52,greedy,839
10,171.6,112,64,64,52,greedy,840
10,170.6,112,64,64,52,greedy,841
10,173.7,112,64,65,52,greedy,842
10,172.7,113,64,65,52,greedy,843
10,171.7,113,64,65,52,greedy,844
10,170.8,113,64,65,52,greedy,845
10,169.9,114,64,65,52,greedy,846
10,168.9,114,64,65,52,greedy,847
10,168.0,114,64,65,52,greedy,848
10,167.2,114,64,65,52,greedy,849
10,166.3,113,64,65,52,greedy,850
10,165.3,113,64,65,52,greedy,851
10,164.4,113,64,65,52,greedy,852
10,163.5,112,64,65,52,greedy,853
10,162.5,112,64,65,52,greedy,854
10,165.6,113,64,66,52,greedy,855
10,164.6,113,64,66,52,greedy,856
10,163.6,113,64,66,52,greedy,857
10,162.6,114,64,66,52,greedy,858
10,161.6,114,64,66,52,greedy,859
10,160.6,114,64,66,52,greedy,860
10,159.6,115,64,66,52,greedy,861
10,158.6,115,64,66,52,greedy,862
10,157.6,115,64,66,52,greedy,863
10,156.7,116,64,66,52,greedy,864
10,155.7,116,64,66,52,greedy,865
10,154.7,116,64,66,52,greedy,866
10,153.7,117,64,66,52,greedy,867
10,152.8,116,64,66,52,greedy,868
10,160.3,116,64,67,52,greedy,869
10,159.3,117,64,67,52,greedy,870
10,158.3,117,64,67,52,greedy,871
10,157.3,117,64,67,52,greedy,872
10,156.3,118,64,67,52,greedy,873
10,155.3,118,64,67,52,greedy,874
10,154.3,118,64,67,52,greedy,875
10,153.3,119,64,67,52,greedy,876
10,152.3,119,64,67,52,greedy,877
10,151.3,119,64,67,52,greedy,878
10,154.4,120,64,68,52,greedy,879
10,153.5,120,64,68,52,greedy,880
10,156.7,120,64,69,52,greedy,881
10,155.7,121,64,69,52,greedy,882
10,154.8,121,64,69,52,greedy,883
9,171.11111111111111,120,64,69,52,greedy,884
9,170.33333333333334,120,64,69,52,greedy,885
9,169.33333333333334,120,64,69,52,greedy,886
9,168.44444444444446,119,64,69,52,greedy,887
9,167.44444444444446,120,64,69,52,greedy,888
9,166.55555555555554,119,64,69,52,greedy,889
9,165.55555555555554,119,64,69,52,greedy,890
9,164.55555555555554,120,64,69,52,greedy,891
9,163.55555555555554,120,64,69,52,greedy,892
9,162.55555555555554,120,64,69,52,greedy,893
9,161.55555555555554,121,64,69,52,greedy,894
9,160.55555555555554,121,64,69,52,greedy,895
9,159.55555555555554,121,64,69,52,greedy,896
9,158.55555555555554,122,64,69,52,greedy,897
8,177.375,122,64,69,52,greedy,898
8,176.375,122,64,69,52,greedy,899
8,175.375,123,64,69,52,greedy,900
8,174.375,123,64,69,52,greedy,901
8,173.375,123,64,69,52,greedy,902
8,172.375,124,64,69,52,greedy,903
8,171.375,124,64,69,52,greedy,904
8,170.375,124,64,69,52,greedy,905
8,169.5,125,64,69,52,greedy,906
8,168.5,125,64,69,52,greedy,907
8,167.5,125,64,69,52,greedy,908
8,166.5,126,64,69,52,greedy,909
8,165.625,125,64,69,52,greedy,910
8,164.625,125,64,69,52,greedy,911
8,163.625,126,64,69,52,greedy,912
8,162.625,126,64,69,52,greedy,913
8,161.625,126,64,69,52,greedy,914
8,160.625,127,64,69,52,greedy,915
8,159.625,127,64,69,52,greedy,916
8,158.75,127,64,69,52,greedy,917
8,157.75,128,64,69,52,greedy,918
8,156.75,128,64,69,52,greedy,919
8,155.75,128,64,69,52,greedy,920
8,165.125,128,65,69,53,greedy,921
8,164.125,128,65,69,53,greedy,922
8,168.375,128,65,70,53,greedy,923
8,167.375,129,65,70,53,greedy,924
8,166.375,129,65,70,53,greedy,925
8,170.5,129,66,70,53,greedy,926
8,169.625,129,66,70,53,greedy,927
8,173.75,129,66,71,53,greedy,928
8,172.75,129,66,71,53,greedy,929
8,171.75,130,66,71,53,greedy,930
8,195.875,130,66,71,54,greedy,931
8,200.0,130,67,71,54,greedy,932
8,199.0,131,67,71,54,greedy,933
8,198.0,131,67,71,54,greedy,934
8,197.0,131,67,71,54,greedy,935
8,196.0,132,67,71,54,greedy,936
8,195.0,132,67,71,54,greedy,937
8,194.0,132,67,71,54,greedy,938
8,193.125,133,67,71,54,greedy,939
8,192.125,133,67,71,54,greedy,940
8,191.25,133,67,71,54,greedy,941
8,190.375,134,67,71,54,greedy,942
8,189.625,133,67,71,54,greedy,943
8,188.625,133,67,71,54,greedy,944
8,187.75,133,67,71,54,greedy,945
8,186.875,132,67,71,54,greedy,946
8,186.0,131,67,71,54,greedy,947
8,185.0,132,67,71,54,greedy,948
8,184.0,132,67,71,54,greedy,949
8,183.0,132,67,71,54,greedy,950
8,182.0,133,67,71,54,greedy,951
8,181.0,133,67,71,54,greedy,952
8,180.0,133,67,71,54,greedy,953
8,179.0,134,67,71,54,greedy,954
8,178.0,134,67,71,54,greedy,955
8,177.0,134,67,71,54,greedy,956
8,176.0,135,67,71,54,greedy,957
8,185.25,135,68,71,55,greedy,958
8,184.25,135,68,71,55,greedy,959
8,183.25,136,68,71,55,greedy,960
8,197.875,136,69,71,55,greedy,961
8,196.875,136,69,71,55,greedy,962
8,195.875,137,69,71,55,greedy,963
8,194.875,137,69,71,55,greedy,964
8,193.875,137,69,71,55,greedy,965
8,192.875,138,69,71,55,greedy,966
8,191.875,138,69,71,55,greedy,967
8,191.0,138,69,71,55,greedy,968
8,190.125,139,69,71,55,greedy,969
8,189.125,139,69,71,55,greedy,970
8,188.125,139,69,71,55,greedy,971
8,187.25,139,69,71,55,greedy,972
8,186.375,138,69,71,55,greedy,973
8,185.375,138,69,71,55,greedy,974
8,184.375,139,69,71,55,greedy,975
8,183.375,139,69,71,55,greedy,976
8,182.375,139,69,71,55,greedy,977
8,181.375,140,69,71,55,greedy,978
8,185.5,140,69,72,55,greedy,979
8,184.5,140,69,72,55,greedy,980
8,183.75,141,69,72,55,greedy,981
8,182.75,141,69,72,55,greedy,982
8,181.75,141,69,72,55,greedy,983
8,185.875,142,69,73,55,greedy,984
8,185.125,140,69,73,55,greedy,985
8,184.125,140,69,73,55,greedy,986
8,183.125,141,69,73,55,greedy,987
8,182.125,141,69,73,55,greedy,988
8,181.125,141,69,73,55,greedy,989
8,185.25,142,69,74,55,greedy,990
8,184.25,142,69,74,55,greedy,991
8,183.25,142,69,74,55,greedy,992
8,182.25,143,69,74,55,greedy,993
8,181.25,143,69,74,55,greedy,994
8,180.25,143,69,74,55,greedy,995
8,179.25,144,69,74,55,greedy,996
8,178.25,144,69,74,55,greedy,997
8,177.25,144,69,74,55,greedy,998
8,181.375,145,69,75,55,greedy,999
90,299.18888888888887,16,0,0,0,cooperative,0
90,298.24444444444447,16,0,0,0,cooperative,1
90,297.27777777777777,14,0,0,0,cooperative,2
90,296.34444444444443,12,0,0,0,cooperative,3
90,295.47777777777776,6,0,0,0,cooperative,4
90,294.5444444444444,5,0,0,0,cooperative,5
90,293.5777777777778,5,0,0,0,cooperative,6
90,292.6222222222222,5,0,0,0,cooperative,7
90,291.6222222222222,5,0,0,0,cooperative,8
90,290.64444444444445,4,0,0,0,cooperative,9
90,289.65555555555557,4,0,0,0,cooperative,10
90,288.6777777777778,3,0,0,0,cooperative,11
90,287.6777777777778,4,0,0,0,cooperative,12
90,286.6777777777778,4,0,0,0,cooperative,13
90,285.8333333333333,4,0,1,0,cooperative,14
90,284.8333333333333,5,0,1,0,cooperative,15
90,283.8333333333333,5,0,1,0,cooperative,16
90,282.8333333333333,5,0,1,0,cooperative,17
90,281.8333333333333,6,0,1,0,cooperative,18
90,281.03333333333336,6,1,1,0,cooperative,19
90,280.03333333333336,6,1,1,0,cooperative,20
90,279.03333333333336,7,1,1,0,cooperative,21
90,278.0444444444444,7,1,1,0,cooperative,22
90,277.2888888888889,7,1,1,1,cooperative,23
90,276.5444444444444,8,1,2,1,cooperative,24
90,276.0777777777778,8,1,3,2,cooperative,25
90,275.1,7,1,3,2,cooperative,26
90,274.7111111111111,8,2,3,3,cooperative,27
90,273.7111111111111,8,2,3,3,cooperative,28
90,272.7111111111111,8,2,3,3,cooperative,29
90,272.1,7,2,3,4,cooperative,30
90,271.1,7,2,3,4,cooperative,31
90,270.7888888888889,7,2,3,6,cooperative,32
90,269.7888888888889,8,2,3,6,cooperative,33
90,269.1777777777778,7,2,3,7,cooperative,34
90,268.1777777777778,7,2,3,7,cooperative,35
90,267.2,8,2,3,7,cooperative,36
90,266.22222222222223,8,2,3,7,cooperative,37
90,265.22222222222223,8,2,3,7,cooperative,38
90,264.23333333333335,8,2,3,7,cooperative,39
90,263.24444444444447,8,2,3,7,cooperative,40
90,262.27777777777777,7,2,3,7,cooperative,41
90,261.73333333333335,8,2,4,7,cooperative,42
90,260.74444444444447,8,2,4,7,cooperative,43
90,259.74444444444447,8,2,4,7,cooperative,44
90,258.7888888888889,8,2,4,7,cooperative,45
90,257.8,8,2,4,7,cooperative,46
90,257.2888888888889,7,3,4,7,cooperative,47
90,256.31111111111113,7,3,4,7,cooperative,48
90,255.33333333333334,6,3,4,7,cooperative,49
90,254.35555555555555,5,3,4,7,cooperative,50
90,254.4,5,5,4,7,cooperative,51
90,253.4111111111111,5,5,4,7,cooperative,52
90,252.42222222222222,5,5,4,7,cooperative,53
90,251.43333333333334,5,5,4,7,cooperative,54
90,250.44444444444446,4,5,4,7,cooperative,55
90,249.44444444444446,4,5,4,7,cooperative,56
90,249.0888888888889,5,5,4,8,cooperative,57
90,248.54444444444445,5,5,5,8,cooperative,58
90,247.54444444444445,5,5,5,8,cooperative,59
90,246.54444444444445,6,5,5,8,cooperative,60
90,247.34444444444443,5,5,6,10,cooperative,61
90,246.34444444444443,5,5,6,10,cooperative,62
90,245.36666666666667,6,5,6,10,cooperative,63
90,244.36666666666667,6,5,6,10,cooperative,64
90,243.37777777777777,6,5,6,10,cooperative,65
90,242.84444444444443,6,6,6,10,cooperative,66
90,241.85555555555555,6,6,6,10,cooperative,67
90,241.3111111111111,6,6,7,10,cooperative,68
90,240.32222222222222,7,6,7,10,cooperative,69
90,239.32222222222222,7,6,7,10,cooperative,70
90,238.32222222222222,7,6,7,10,cooperative,71
90,237.32222222222222,8,6,7,10,cooperative,72
90,236.32222222222222,8,6,7,10,cooperative,73
90,235.77777777777777,8,6,7,11,cooperative,74
90,234.8,9,6,7,11,cooperative,75
90,233.8,9,6,7,11,cooperative,76
90,232.8111111111111,9,6,7,11,cooperative,77
90,232.32222222222222,9,7,7,11,cooperative,78
90,232.1888888888889,9,7,8,11,cooperative,79
90,231.2,8,7,8,11,cooperative,80
90,230.22222222222223,9,7,8,11,cooperative,81
90,230.13333333333333,9,7,8,12,cooperative,82
90,229.13333333333333,9,7,8,12,cooperative,83
90,228.65555555555557,10,7,8,13,cooperative,84
90,227.66666666666666,10,7,8,13,cooperative,85
90,226.6888888888889,9,7,8,13,cooperative,86
90,225.6888888888889,10,7,8,13,cooperative,87
90,225.7,10,8,8,13,cooperative,88
90,224.72222222222223,10,8,8,13,cooperative,89
90,223.73333333333332,11,8,8,13,cooperative,90
90,222.73333333333332,11,8,8,13,cooperative,91
90,221.73333333333332,11,8,8,13,cooperative,92
90,220.74444444444444,11,8,8,13,cooperative,93
90,219.77777777777777,11,8,8,13,cooperative,94
90,219.24444444444444,11,8,8,14,cooperative,95
90,218.24444444444444,12,8,8,14,cooperative,96
90,217.7111111111111,12,8,8,15,cooperative,97
90,216.73333333333332,10,8,8,15,cooperative,98
90,215.77777777777777,10,8,8,15,cooperative,99
90,215.23333333333332,10,8,9,15,cooperative,100
90,214.24444444444444,10,8,9,15,cooperative,101
90,214.38888888888889,10,9,9,15,cooperative,102
90,213.4111111111111,10,9,9,15,cooperative,103
90,212.43333333333334,10,9,9,15,cooperative,104
90,211.45555555555555,10,9,9,15,cooperative,105
90,210.45555555555555,10,9,9,15,cooperative,106
90,209.45555555555555,10,9,9,15,cooperative,107
90,208.51111111111112,11,9,9,15,cooperative,108
90,207.5222222222222,11,9,9,15,cooperative,109
90,207.43333333333334,11,10,10,15,cooperative,110
90,206.92222222222222,11,10,10,16,cooperative,111
90,206.37777777777777,11,10,10,17,cooperative,112
90,205.37777777777777,11,10,10,17,cooperative,113
90,204.83333333333334,12,11,10,17,cooperative,114
90,203.84444444444443,12,11,10,17,cooperative,115
90,202.86666666666667,12,11,10,17,cooperative,116
90,201.9,13,11,10,17,cooperative,117
90,201.36666666666667,13,12,10,17,cooperative,118
90,200.4,11,12,10,17,cooperative,119
90,199.87777777777777,12,12,11,17,cooperative,120
90,198.88888888888889,12,12,11,17,cooperative,121
90,197.9,12,12,11,17,cooperative,122
90,198.23333333333332,13,12,11,18,cooperative,123
90,197.23333333333332,13,12,11,18,cooperative,124
90,196.25555555555556,13,12,11,18,cooperative,125
90,195.25555555555556,14,12,11,18,cooperative,126
90,194.25555555555556,14,12,11,18,cooperative,127
90,194.0222222222222,14,12,11,19,cooperative,128
90,193.04444444444445,13,12,11,19,cooperative,129
90,192.04444444444445,13,12,11,19,cooperative,130
90,191.05555555555554,13,12,11,19,cooperative,131
90,190.0888888888889,14,12,11,19,cooperative,132
90,189.1,14,12,11,19,cooperative,133
90,189.5888888888889,13,13,11,19,cooperative,134
90,188.6,13,13,11,19,cooperative,135
90,187.62222222222223,12,13,11,19,cooperative,136
90,186.63333333333333,12,13,11,19,cooperative,137
90,185.64444444444445,13,13,11,19,cooperative,138
90,184.66666666666666,13,13,11,19,cooperative,139
90,183.66666666666666,13,13,11,19,cooperative,140
90,183.12222222222223,14,14,11,19,cooperative,141
90,182.13333333333333,13,14,11,19,cooperative,142
90,181.15555555555557,11,14,11,19,cooperative,143
90,180.15555555555557,12,14,11,19,cooperative,144
90,179.15555555555557,12,14,11,19,cooperative,145
90,178.15555555555557,12,14,11,19,cooperative,146
90,177.17777777777778,13,14,11,19,cooperative,147
90,176.17777777777778,13,14,11,19,cooperative,148
90,175.2111111111111,12,14,11,19,cooperative,149
90,174.22222222222223,13,14,11,19,cooperative,150
90,173.23333333333332,13,14,11,19,cooperative,151
90,172.23333333333332,13,14,11,19,cooperative,152
90,171.25555555555556,13,14,11,19,cooperative,153
90,170.26666666666668,13,14,11,19,cooperative,154
90,169.73333333333332,13,14,12,19,cooperative,155
90,168.73333333333332,14,14,12,19,cooperative,156
90,167.74444444444444,14,14,12,19,cooperative,157
90,167.2,14,14,12,20,cooperative,158
90,166.23333333333332,14,14,12,20,cooperative,159
90,165.6888888888889,14,15,12,20,cooperative,160
90,164.7,13,15,12,20,cooperative,161
90,164.15555555555557,14,15,13,20,cooperative,162
90,163.17777777777778,13,15,13,20,cooperative,163
90,162.17777777777778,13,15,13,20,cooperative,164
90,161.2,14,15,13,20,cooperative,165
90,160.2,14,15,13,20,cooperative,166
90,159.65555555555557,14,15,13,21,cooperative,167
90,158.7,14,15,13,21,cooperative,168
90,157.7111111111111,14,15,13,21,cooperative,169
90,158.56666666666666,14,15,13,23,cooperative,170
90,157.57777777777778,15,15,13,23,cooperative,171
90,156.61111111111111,14,15,13,23,cooperative,172
90,156.06666666666666,14,16,13,23,cooperative,173
90,155.07777777777778,15,16,13,23,cooperative,174
90,154.0888888888889,14,16,13,23,cooperative,175
90,153.1,14,16,13,23,cooperative,176
90,152.56666666666666,15,16,13,24,cooperative,177
90,152.04444444444445,14,16,14,24,cooperative,178
90,151.05555555555554,13,16,14,24,cooperative,179
90,150.5222222222222,13,16,14,25,cooperative,180
90,149.53333333333333,13,16,14,25,cooperative,181
90,150.55555555555554,13,16,15,25,cooperative,182
90,149.55555555555554,14,16,15,25,cooperative,183
90,149.03333333333333,14,16,15,26,cooperative,184
90,148.04444444444445,13,16,15,26,cooperative,185
90,147.05555555555554,14,16,15,26,cooperative,186
90,146.51111111111112,14,16,15,27,cooperative,187
90,145.53333333333333,14,16,15,27,cooperative,188
90,144.53333333333333,15,16,15,27,cooperative,189
90,143.55555555555554,14,16,15,27,cooperative,190
90,142.56666666666666,14,16,15,27,cooperative,191
90,141.56666666666666,15,16,15,27,cooperative,192
90,141.0222222222222,15,17,15,27,cooperative,193
90,140.03333333333333,14,17,15,27,cooperative,194
90,139.06666666666666,15,17,15,27,cooperative,195
90,138.55555555555554,15,17,16,27,cooperative,196
90,137.56666666666666,15,17,16,27,cooperative,197
90,138.77777777777777,15,17,17,27,cooperative,198
90,137.77777777777777,15,17,17,27,cooperative,199
90,139.0222222222222,13,17,18,27,cooperative,200
90,138.04444444444445,13,17,18,27,cooperative,201
90,137.05555555555554,12,17,18,27,cooperative,202
90,136.51111111111112,12,17,19,27,cooperative,203
90,135.53333333333333,13,17,19,27,cooperative,204
90,136.55555555555554,13,17,20,27,cooperative,205
90,135.57777777777778,12,17,20,27,cooperative,206
90,134.57777777777778,13,17,20,27,cooperative,207
90,133.5888888888889,13,17,20,27,cooperative,208
90,133.06666666666666,13,18,20,27,cooperative,209
90,132.07777777777778,14,18,20,27,cooperative,210
90,133.76666666666668,14,18,21,28,cooperative,211
90,132.76666666666668,14,18,21,28,cooperative,212
90,131.8,15,18,21,28,cooperative,213
90,130.82222222222222,15,18,21,28,cooperative,214
90,129.82222222222222,15,18,21,28,cooperative,215
90,128.87777777777777,15,18,21,28,cooperative,216
90,128.33333333333334,15,18,21,29,cooperative,217
90,127.35555555555555,15,18,21,29,cooperative,218
90,128.6,15,18,21,30,cooperative,219
90,128.06666666666666,15,18,21,31,cooperative,220
90,127.06666666666666,15,18,21,31,cooperative,221
90,126.06666666666666,16,18,21,31,cooperative,222
90,125.52222222222223,16,18,21,32,cooperative,223
90,124.52222222222223,16,18,21,32,cooperative,224
90,123.53333333333333,17,18,21,32,cooperative,225
90,122.53333333333333,17,18,21,32,cooperative,226
90,123.81111111111112,16,19,21,32,cooperative,227
90,122.82222222222222,17,19,21,32,cooperative,228
90,122.27777777777777,17,19,21,33,cooperative,229
90,121.27777777777777,17,19,21,33,cooperative,230
90,120.31111111111112,17,19,21,33,cooperative,231
90,119.33333333333333,16,19,21,33,cooperative,232
90,118.34444444444445,16,19,21,33,cooperative,233
90,117.81111111111112,17,19,21,34,cooperative,234
90,117.27777777777777,17,20,21,34,cooperative,235
90,116.28888888888889,16,20,21,34,cooperative,236
90,115.32222222222222,16,20,21,34,cooperative,237
90,114.35555555555555,16,20,21,34,cooperative,238
90,113.36666666666666,16,20,21,34,cooperative,239
90,112.38888888888889,16,20,21,34,cooperative,240
90,111.38888888888889,16,20,21,34,cooperative,241
90,110.42222222222222,15,20,21,34,cooperative,242
90,109.43333333333334,15,20,21,34,cooperative,243
90,108.43333333333334,15,20,21,34,cooperative,244
90,107.43333333333334,15,20,21,34,cooperative,245
90,106.45555555555555,16,20,21,34,cooperative,246
90,105.45555555555555,16,20,21,34,cooperative,247
90,104.45555555555555,16,20,21,34,cooperative,248
90,103.46666666666667,16,20,21,34,cooperative,249
90,102.47777777777777,16,20,21,34,cooperative,250
90,101.47777777777777,16,20,21,34,cooperative,251
90,100.4888888888889,17,20,21,34,cooperative,252
90,99.4888888888889,17,20,21,34,cooperative,253
90,98.5,17,20,21,34,cooperative,254
90,97.5,18,20,21,34,cooperative,255
90,96.96666666666667,17,21,21,34,cooperative,256
90,95.96666666666667,17,21,21,34,cooperative,257
90,95.46666666666667,18,21,21,35,cooperative,258
90,94.94444444444444,18,22,21,35,cooperative,259
90,94.42222222222222,18,23,21,35,cooperative,260
90,93.42222222222222,19,23,21,35,cooperative,261
90,92.45555555555555,18,23,21,35,cooperative,262
90,91.4888888888889,17,23,21,35,cooperative,263
90,90.53333333333333,17,23,21,35,cooperative,264
90,89.54444444444445,17,23,21,35,cooperative,265
90,90.78888888888889,17,24,21,35,cooperative,266
90,89.82222222222222,16,24,21,35,cooperative,267
90,89.27777777777777,16,24,21,36,cooperative,268
90,88.28888888888889,16,24,21,36,cooperative,269
90,87.33333333333333,17,24,21,36,cooperative,270
90,86.34444444444445,17,24,21,36,cooperative,271
90,85.34444444444445,17,24,21,36,cooperative,272
90,84.8,18,25,21,36,cooperative,273
90,84.3,17,25,21,37,cooperative,274
90,83.31111111111112,17,25,21,37,cooperative,275
90,82.31111111111112,18,25,21,37,cooperative,276
90,81.31111111111112,18,25,21,37,cooperative,277
90,82.55555555555556,17,25,21,38,cooperative,278
90,82.0111111111111,18,25,22,38,cooperative,279
90,81.0111111111111,18,25,22,38,cooperative,280
90,80.0111111111111,18,25,22,38,cooperative,281
90,79.0111111111111,19,25,22,38,cooperative,282
90,78.0111111111111,19,25,22,38,cooperative,283
90,79.24444444444444,19,25,23,38,cooperative,284
90,78.24444444444444,20,25,23,38,cooperative,285
90,77.24444444444444,20,25,23,38,cooperative,286
90,76.24444444444444,20,25,23,38,cooperative,287
90,75.24444444444444,21,25,23,38,cooperative,288
90,74.24444444444444,21,25,23,38,cooperative,289
90,73.7,21,25,23,39,cooperative,290
90,72.7,22,25,23,39,cooperative,291
90,71.7,22,25,23,39,cooperative,292
90,70.7,22,25,23,39,cooperative,293
90,70.15555555555555,23,25,24,39,cooperative,294
90,69.15555555555555,23,25,24,39,cooperative,295
90,70.38888888888889,23,25,25,39,cooperative,296
90,69.38888888888889,24,25,25,39,cooperative,297
90,68.84444444444445,24,25,26,39,cooperative,298
90,67.84444444444445,24,25,26,39,cooperative,299
83,72.57831325301204,25,25,26,39,cooperative,300
83,71.57831325301204,25,25,26,39,cooperative,301
73,80.38356164383562,25,25,26,39,cooperative,302
73,79.3972602739726,26,25,26,39,cooperative,303
70,81.82857142857142,25,25,26,39,cooperative,304
70,80.82857142857142,25,25,26,39,cooperative,305
67,83.50746268656717,26,25,26,39,cooperative,306
67,82.5223880597015,25,25,26,39,cooperative,307
67,81.53731343283582,25,25,26,39,cooperative,308
67,80.56716417910448,25,25,26,39,cooperative,309
67,82.6268656716418,24,25,26,40,cooperative,310
67,81.6268656716418,24,25,26,40,cooperative,311
67,80.64179104477611,25,25,26,40,cooperative,312
67,79.67164179104478,24,25,26,40,cooperative,313
67,78.70149253731343,22,25,26,40,cooperative,314
67,77.70149253731343,23,25,26,40,cooperative,315
67,79.70149253731343,23,26,26,40,cooperative,316
67,78.71641791044776,23,26,26,40,cooperative,317
67,77.74626865671642,24,26,26,40,cooperative,318
67,76.74626865671642,24,26,26,40,cooperative,319
67,75.76119402985074,23,26,26,40,cooperative,320
67,78.3731343283582,24,27,27,40,cooperative,321
67,77.38805970149254,23,27,27,40,cooperative,322
67,76.38805970149254,23,27,27,40,cooperative,323
67,75.38805970149254,24,27,27,40,cooperative,324
67,74.38805970149254,24,27,27,40,cooperative,325
67,73.38805970149254,24,27,27,40,cooperative,326
67,72.41791044776119,25,27,27,40,cooperative,327
67,71.41791044776119,25,27,27,40,cooperative,328
67,70.41791044776119,25,27,27,40,cooperative,329
65,72.23076923076923,26,28,27,40,cooperative,330
65,71.8923076923077,24,29,27,40,cooperative,331
65,70.9076923076923,24,29,27,40,cooperative,332
65,69.9076923076923,25,29,27,40,cooperative,333
65,68.92307692307692,24,29,27,40,cooperative,334
65,68.55384615384615,24,30,27,40,cooperative,335
65,67.6,25,30,27,40,cooperative,336
64,67.65625,25,30,27,40,cooperative,337
64,69.8125,24,30,28,40,cooperative,338
64,68.828125,25,30,28,40,cooperative,339
64,67.828125,25,30,28,40,cooperative,340
64,67.84375,25,30,29,40,cooperative,341
64,66.84375,26,30,29,40,cooperative,342
58,72.75862068965517,26,30,29,40,cooperative,343
58,72.48275862068965,26,30,30,40,cooperative,344
47,88.44680851063829,27,30,30,40,cooperative,345
47,87.46808510638297,27,30,30,40,cooperative,346
39,104.43589743589743,27,30,30,41,cooperative,347
39,103.48717948717949,27,30,30,41,cooperative,348
38,105.21052631578948,27,30,30,41,cooperative,349
37,107.08108108108108,26,30,30,41,cooperative,350
37,106.10810810810811,26,30,30,41,cooperative,351
37,105.13513513513513,25,30,30,41,cooperative,352
37,104.13513513513513,25,30,30,41,cooperative,353
36,106.08333333333333,26,30,30,41,cooperative,354
36,105.08333333333333,26,30,30,41,cooperative,355
36,104.08333333333333,26,30,30,41,cooperative,356
36,103.08333333333333,27,30,30,41,cooperative,357
36,102.11111111111111,26,30,30,41,cooperative,358
36,101.11111111111111,26,30,30,41,cooperative,359
35,103.0,27,30,30,41,cooperative,360
35,102.02857142857142,27,30,30,41,cooperative,361
35,104.31428571428572,27,30,31,41,cooperative,362
35,104.48571428571428,28,30,32,41,cooperative,363
34,106.55882352941177,28,30,32,41,cooperative,364
33,108.81818181818181,27,30,32,41,cooperative,365
33,107.84848484848484,28,30,32,41,cooperative,366
33,106.87878787878788,28,30,32,41,cooperative,367
33,105.87878787878788,28,30,32,41,cooperative,368
33,104.87878787878788,29,30,32,41,cooperative,369
33,103.93939393939394,28,30,32,41,cooperative,370
33,102.96969696969697,27,30,32,41,cooperative,371
33,101.96969696969697,28,30,32,41,cooperative,372
32,104.15625,28,30,32,41,cooperative,373
32,103.1875,27,30,32,41,cooperative,374
32,102.1875,28,30,32,41,cooperative,375
32,101.1875,28,30,32,41,cooperative,376
32,101.46875,28,31,32,41,cooperative,377
31,103.80645161290323,29,31,32,41,cooperative,378
31,104.12903225806451,29,31,32,42,cooperative,379
31,103.16129032258064,29,31,32,42,cooperative,380
31,102.19354838709677,29,31,32,42,cooperative,381
31,102.54838709677419,28,32,32,42,cooperative,382
31,101.54838709677419,28,32,32,42,cooperative,383
31,100.58064516129032,28,32,32,42,cooperative,384
31,99.58064516129032,28,32,32,42,cooperative,385
29,105.48275862068965,28,32,32,42,cooperative,386
29,111.41379310344827,29,32,32,43,cooperative,387
27,118.66666666666667,29,32,32,43,cooperative,388
26,122.23076923076923,29,32,32,43,cooperative,389
25,126.16,29,32,32,43,cooperative,390
25,125.16,29,32,32,43,cooperative,391
25,125.8,29,32,32,44,cooperative,392
25,124.84,30,32,32,44,cooperative,393
25,123.84,30,32,32,44,cooperative,394
25,124.48,30,32,33,44,cooperative,395
25,123.52,30,32,33,44,cooperative,396
25,122.52,30,32,33,44,cooperative,397
25,123.16,30,33,33,44,cooperative,398
25,122.16,31,33,33,44,cooperative,399
25,121.16,31,33,33,44,cooperative,400
25,120.2,31,33,33,44,cooperative,401
25,120.88,32,34,33,44,cooperative,402
25,121.52,32,35,33,44,cooperative,403
25,120.56,32,35,33,44,cooperative,404
25,119.6,32,35,33,44,cooperative,405
25,118.64,31,35,33,44,cooperative,406
24,122.58333333333333,31,35,33,44,cooperative,407
24,121.66666666666667,31,35,33,44,cooperative,408
24,120.66666666666667,31,35,33,44,cooperative,409
24,119.70833333333333,31,35,33,44,cooperative,410
24,118.70833333333333,32,35,33,44,cooperative,411
24,117.75,31,35,33,44,cooperative,412
24,116.75,31,35,33,44,cooperative,413
24,115.79166666666667,32,35,33,44,cooperative,414
24,114.79166666666667,32,35,33,44,cooperative,415
24,113.79166666666667,32,35,33,44,cooperative,416
24,112.875,33,35,33,44,cooperative,417
24,111.875,33,35,33,44,cooperative,418
24,110.875,33,35,33,44,cooperative,419
24,109.91666666666667,34,35,33,44,cooperative,420
24,109.0,32,35,33,44,cooperative,421
24,108.0,32,35,33,44,cooperative,422
24,108.70833333333333,33,36,33,44,cooperative,423
24,107.75,32,36,33,44,cooperative,424
23,111.43478260869566,32,36,33,44,cooperative,425
23,110.43478260869566,33,36,33,44,cooperative,426
23,109.43478260869566,33,36,33,44,cooperative,427
23,108.43478260869566,33,36,33,44,cooperative,428
22,112.36363636363636,34,36,33,44,cooperative,429
22,113.22727272727273,34,36,33,45,cooperative,430
21,117.66666666666667,34,36,33,45,cooperative,431
21,116.66666666666667,35,36,33,45,cooperative,432
21,117.61904761904762,35,36,34,45,cooperative,433
21,116.61904761904762,35,36,34,45,cooperative,434
21,115.66666666666667,35,36,34,45,cooperative,435
21,114.66666666666667,35,36,34,45,cooperative,436
21,113.66666666666667,35,36,34,45,cooperative,437
21,112.66666666666667,36,36,34,45,cooperative,438
20,117.3,36,36,34,45,cooperative,439
20,116.3,36,36,34,45,cooperative,440
20,115.3,37,36,34,45,cooperative,441
20,114.35,37,36,34,45,cooperative,442
20,113.35,37,36,34,45,cooperative,443
20,116.55,38,37,35,45,cooperative,444
20,115.55,38,37,35,45,cooperative,445
20,114.6,37,37,35,45,cooperative,446
20,113.6,38,37,35,45,cooperative,447
20,112.75,36,37,35,45,cooperative,448
20,111.75,36,37,35,45,cooperative,449
20,110.75,37,37,35,45,cooperative,450
20,109.75,37,37,35,45,cooperative,451
20,108.8,36,37,35,45,cooperative,452
20,107.8,37,37,35,45,cooperative,453
20,106.8,37,37,35,45,cooperative,454
20,105.8,37,37,35,45,cooperative,455
20,113.25,38,37,35,46,cooperative,456
20,112.25,38,37,35,46,cooperative,457
20,111.25,38,37,35,46,cooperative,458
20,110.35,39,37,35,46,cooperative,459
20,109.4,38,37,35,46,cooperative,460
20,108.4,38,37,35,46,cooperative,461
20,109.5,38,37,35,47,cooperative,462
20,108.55,38,37,35,47,cooperative,463
20,107.55,38,37,35,47,cooperative,464
20,106.6,39,37,35,47,cooperative,465
20,105.6,39,37,35,47,cooperative,466
19,120.36842105263158,39,37,35,48,cooperative,467
19,119.36842105263158,40,37,35,48,cooperative,468
19,118.42105263157895,39,37,35,48,cooperative,469
19,117.42105263157895,39,37,35,48,cooperative,470
19,118.57894736842105,40,37,35,49,cooperative,471
19,117.57894736842105,40,37,35,49,cooperative,472
18,123.11111111111111,40,37,35,49,cooperative,473
18,124.38888888888889,41,37,35,50,cooperative,474
18,123.44444444444444,41,37,35,50,cooperative,475
18,122.44444444444444,41,37,35,50,cooperative,476
18,121.44444444444444,42,37,35,50,cooperative,477
18,120.5,42,37,35,50,cooperative,478
17,126.6470588235294,41,37,35,50,cooperative,479
17,128.05882352941177,42,37,36,50,cooperative,480
17,127.05882352941177,42,37,36,50,cooperative,481
17,126.11764705882354,41,37,36,50,cooperative,482
17,125.17647058823529,42,37,36,50,cooperative,483
17,124.17647058823529,42,37,36,50,cooperative,484
17,123.17647058823529,42,37,36,50,cooperative,485
17,122.17647058823529,43,37,36,50,cooperative,486
17,123.6470588235294,42,37,36,51,cooperative,487
17,122.6470588235294,42,37,36,51,cooperative,488
17,121.6470588235294,43,37,36,51,cooperative,489
17,120.6470588235294,43,37,36,51,cooperative,490
17,119.6470588235294,43,37,36,51,cooperative,491
17,118.70588235294117,44,37,36,51,cooperative,492
17,117.76470588235294,44,37,36,51,cooperative,493
17,116.76470588235294,44,37,36,51,cooperative,494
17,115.82352941176471,44,37,36,51,cooperative,495
17,114.82352941176471,44,37,36,51,cooperative,496
17,113.88235294117646,43,37,36,51,cooperative,497
17,112.88235294117646,44,37,36,51,cooperative,498
17,112.0,44,37,36,51,cooperative,499
17,111.0,44,37,36,51,cooperative,500
17,112.41176470588235,45,38,36,51,cooperative,501
17,111.41176470588235,45,38,36,51,cooperative,502
17,118.70588235294117,43,38,37,51,cooperative,503
17,120.17647058823529,44,39,37,51,cooperative,504
17,119.17647058823529,44,39,37,51,cooperative,505
16,125.625,44,39,37,51,cooperative,506
16,124.625,45,39,37,51,cooperative,507
16,123.75,45,39,37,51,cooperative,508
16,122.75,45,39,37,51,cooperative,509
16,121.75,46,39,37,51,cooperative,510
16,120.75,46,39,37,51,cooperative,511
16,119.9375,44,39,37,51,cooperative,512
16,131.5,45,39,37,52,cooperative,513
16,141.8125,45,39,37,53,cooperative,514
16,140.8125,45,39,37,53,cooperative,515
16,139.875,45,39,37,53,cooperative,516
16,138.875,45,39,37,53,cooperative,517
16,137.875,45,39,37,53,cooperative,518
16,136.875,46,39,37,53,cooperative,519
16,135.875,46,39,37,53,cooperative,520
16,134.875,46,39,37,53,cooperative,521
16,146.1875,47,39,37,54,cooperative,522
16,145.1875,47,39,37,54,cooperative,523
16,144.1875,47,39,37,54,cooperative,524
16,143.1875,48,39,37,54,cooperative,525
16,142.25,48,39,37,54,cooperative,526
16,141.25,48,39,37,54,cooperative,527
16,140.25,49,39,37,54,cooperative,528
16,139.25,49,39,37,54,cooperative,529
16,138.375,48,39,37,54,cooperative,530
16,137.4375,49,39,37,54,cooperative,531
16,136.4375,49,39,37,54,cooperative,532
16,138.0625,49,39,38,54,cooperative,533
16,137.1875,48,39,38,54,cooperative,534
16,136.1875,48,39,38,54,cooperative,535
15,144.26666666666668,48,39,38,54,cooperative,536
15,146.06666666666666,48,40,38,54,cooperative,537
15,145.06666666666666,48,40,38,54,cooperative,538
15,144.06666666666666,48,40,38,54,cooperative,539
15,143.06666666666666,49,40,38,54,cooperative,540
15,142.13333333333333,49,40,38,54,cooperative,541
15,141.13333333333333,49,40,38,54,cooperative,542
15,153.53333333333333,50,41,38,54,cooperative,543
15,166.0,50,41,39,54,cooperative,544
15,165.13333333333333,49,41,39,54,cooperative,545
15,164.13333333333333,50,41,39,54,cooperative,546
15,174.26666666666668,50,42,39,54,cooperative,547
15,173.33333333333334,49,42,39,54,cooperative,548
15,172.4,50,42,39,54,cooperative,549
15,171.4,50,42,39,54,cooperative,550
15,173.13333333333333,50,42,39,55,cooperative,551
15,180.73333333333332,51,42,42,55,cooperative,552
15,179.73333333333332,51,42,42,55,cooperative,553
15,178.73333333333332,51,42,42,55,cooperative,554
15,177.73333333333332,52,42,42,55,cooperative,555
15,176.8,52,42,42,55,cooperative,556
15,175.8,52,42,42,55,cooperative,557
15,177.53333333333333,53,43,42,55,cooperative,558
15,176.53333333333333,53,43,42,55,cooperative,559
15,175.6,52,43,42,55,cooperative,560
15,174.66666666666666,53,43,42,55,cooperative,561
15,173.66666666666666,53,43,42,55,cooperative,562
15,172.66666666666666,53,43,42,55,cooperative,563
15,171.73333333333332,53,43,42,55,cooperative,564
15,170.73333333333332,53,43,42,55,cooperative,565
15,169.73333333333332,53,43,42,55,cooperative,566
15,168.8,54,43,42,55,cooperative,567
15,167.8,54,43,42,55,cooperative,568
15,166.8,54,43,42,55,cooperative,569
15,165.8,55,43,42,55,cooperative,570
15,164.86666666666667,54,43,42,55,cooperative,571
15,163.86666666666667,54,43,42,55,cooperative,572
15,162.86666666666667,55,43,42,55,cooperative,573
15,164.6,55,43,42,56,cooperative,574
15,167.0,55,43,42,57,cooperative,575
15,166.0,56,43,42,57,cooperative,576
15,165.0,56,43,42,57,cooperative,577
15,166.73333333333332,56,44,42,57,cooperative,578
15,165.73333333333332,57,44,42,57,cooperative,579
15,164.73333333333332,57,44,42,57,cooperative,580
15,163.73333333333332,57,44,42,57,cooperative,581
15,162.73333333333332,58,44,42,57,cooperative,582
15,161.73333333333332,58,44,42,57,cooperative,583
15,160.73333333333332,58,44,42,57,cooperative,584
15,159.73333333333332,59,44,42,57,cooperative,585
15,158.73333333333332,59,44,42,57,cooperative,586
15,157.73333333333332,59,44,42,57,cooperative,587
15,156.73333333333332,60,44,42,57,cooperative,588
15,155.73333333333332,60,44,42,57,cooperative,589
15,154.73333333333332,60,44,42,57,cooperative,590
15,156.46666666666667,61,44,43,57,cooperative,591
15,155.46666666666667,61,44,43,57,cooperative,592
15,154.46666666666667,61,44,43,57,cooperative,593
14,164.5,62,44,43,57,cooperative,594
14,163.5,62,44,43,57,cooperative,595
14,162.5,62,44,43,57,cooperative,596
14,161.5,63,44,43,57,cooperative,597
14,160.57142857142858,63,44,43,57,cooperative,598
14,159.57142857142858,63,44,43,57,cooperative,599
14,158.57142857142858,64,44,43,57,cooperative,600
14,157.57142857142858,64,44,43,57,cooperative,601
14,156.64285714285714,63,44,43,57,cooperative,602
14,155.71428571428572,64,44,43,57,cooperative,603
14,154.71428571428572,64,44,43,57,cooperative,604
14,153.78571428571428,64,44,43,57,cooperative,605
14,152.92857142857142,64,44,43,57,cooperative,606
14,151.92857142857142,64,44,43,57,cooperative,607
14,151.07142857142858,64,44,43,57,cooperative,608
14,150.14285714285714,64,44,43,57,cooperative,609
14,149.21428571428572,63,44,43,57,cooperative,610
14,148.21428571428572,63,44,43,57,cooperative,611
14,147.42857142857142,64,44,43,57,cooperative,612
14,146.42857142857142,64,44,43,57,cooperative,613
14,145.42857142857142,64,44,43,57,cooperative,614
14,144.42857142857142,65,44,43,57,cooperative,615
14,143.5,64,44,43,57,cooperative,616
14,142.57142857142858,64,44,43,57,cooperative,617
13,152.53846153846155,65,44,43,57,cooperative,618
13,151.53846153846155,65,44,43,57,cooperative,619
13,162.15384615384616,65,44,43,58,cooperative,620
13,161.23076923076923,65,44,43,58,cooperative,621
13,160.23076923076923,65,44,43,58,cooperative,622
13,159.23076923076923,65,44,43,58,cooperative,623
13,158.23076923076923,66,44,43,58,cooperative,624
13,157.30769230769232,66,44,43,58,cooperative,625
13,171.76923076923077,66,44,44,58,cooperative,626
13,170.76923076923077,67,44,44,58,cooperative,627
13,169.76923076923077,67,44,44,58,cooperative,628
13,168.84615384615384,66,44,44,58,cooperative,629
13,171.15384615384616,67,44,44,59,cooperative,630
13,170.15384615384616,67,44,44,59,cooperative,631
13,169.15384615384616,67,44,44,59,cooperative,632
13,168.15384615384616,68,44,44,59,cooperative,633
13,167.30769230769232,66,44,44,59,cooperative,634
13,166.30769230769232,66,44,44,59,cooperative,635
13,165.30769230769232,67,44,44,59,cooperative,636
13,167.46153846153845,67,45,44,59,cooperative,637
13,166.46153846153845,67,45,44,59,cooperative,638
13,173.53846153846155,68,45,45,59,cooperative,639
13,172.6153846153846,68,45,45,59,cooperative,640
13,171.6153846153846,68,45,45,59,cooperative,641
13,170.6153846153846,69,45,45,59,cooperative,642
13,169.6153846153846,69,45,45,59,cooperative,643
13,168.69230769230768,68,45,45,59,cooperative,644
13,167.76923076923077,69,45,45,59,cooperative,645
13,169.92307692307693,69,45,46,59,cooperative,646
13,168.92307692307693,69,45,46,59,cooperative,647
13,174.76923076923077,70,45,46,60,cooperative,648
13,173.92307692307693,69,45,46,60,cooperative,649
13,172.92307692307693,69,45,46,60,cooperative,650
13,171.92307692307693,70,45,46,60,cooperative,651
13,171.0,70,45,46,60,cooperative,652
13,170.07692307692307,70,45,46,60,cooperative,653
13,169.07692307692307,71,45,46,60,cooperative,654
13,171.23076923076923,71,45,46,61,cooperative,655
13,176.3846153846154,70,45,46,62,cooperative,656
13,175.3846153846154,71,45,46,62,cooperative,657
13,174.3846153846154,71,45,46,62,cooperative,658
13,173.3846153846154,71,45,46,62,cooperative,659
13,172.3846153846154,72,45,46,62,cooperative,660
13,171.3846153846154,72,45,46,62,cooperative,661
13,170.3846153846154,72,45,46,62,cooperative,662
13,169.3846153846154,73,45,46,62,cooperative,663
13,170.15384615384616,73,46,46,62,cooperative,664
13,169.15384615384616,73,46,46,62,cooperative,665
13,168.15384615384616,74,46,46,62,cooperative,666
13,167.15384615384616,74,46,46,62,cooperative,667
13,166.23076923076923,74,46,46,62,cooperative,668
13,165.3846153846154,75,46,46,62,cooperative,669
13,164.3846153846154,75,46,46,62,cooperative,670
13,163.3846153846154,75,46,46,62,cooperative,671
13,162.46153846153845,75,46,46,62,cooperative,672
13,161.6153846153846,73,46,46,62,cooperative,673
13,160.6153846153846,73,46,46,62,cooperative,674
13,159.6153846153846,74,46,46,62,cooperative,675
13,158.6153846153846,74,46,46,62,cooperative,676
13,157.6153846153846,74,46,46,62,cooperative,677
13,156.6153846153846,75,46,46,62,cooperative,678
13,155.69230769230768,75,46,46,62,cooperative,679
13,154.69230769230768,75,46,46,62,cooperative,680
11,185.54545454545453,76,46,47,62,cooperative,681
11,184.54545454545453,76,46,47,62,cooperative,682
11,183.63636363636363,75,46,47,62,cooperative,683
11,182.63636363636363,76,46,47,62,cooperative,684
11,185.36363636363637,76,47,47,62,cooperative,685
11,184.36363636363637,76,47,47,62,cooperative,686
11,183.36363636363637,77,47,47,62,cooperative,687
11,182.36363636363637,77,47,47,62,cooperative,688
11,194.54545454545453,77,47,47,63,cooperative,689
11,193.54545454545453,78,47,47,63,cooperative,690
11,192.54545454545453,78,47,47,63,cooperative,691
11,191.54545454545453,78,47,47,63,cooperative,692
11,190.54545454545453,79,47,47,63,cooperative,693
11,193.27272727272728,79,47,47,64,cooperative,694
11,192.27272727272728,79,47,47,64,cooperative,695
11,191.36363636363637,80,47,47,64,cooperative,696
11,190.36363636363637,80,47,47,64,cooperative,697
11,189.36363636363637,80,47,47,64,cooperative,698
11,188.45454545454547,81,47,47,64,cooperative,699
11,187.54545454545453,80,47,47,64,cooperative,700
11,186.54545454545453,80,47,47,64,cooperative,701
11,185.54545454545453,81,47,47,64,cooperative,702
11,184.63636363636363,80,47,47,64,cooperative,703
11,183.63636363636363,80,47,47,64,cooperative,704
11,182.63636363636363,81,47,47,64,cooperative,705
11,181.63636363636363,81,47,47,64,cooperative,706
11,180.63636363636363,81,47,47,64,cooperative,707
11,179.63636363636363,82,47,47,64,cooperative,708
11,178.72727272727272,82,47,47,64,cooperative,709
11,177.72727272727272,82,47,47,64,cooperative,710
11,176.72727272727272,83,47,47,64,cooperative,711
11,175.8181818181818,83,47,47,64,cooperative,712
11,174.9090909090909,82,47,47,64,cooperative,713
11,173.9090909090909,83,47,47,64,cooperative,714
11,172.9090909090909,83,47,47,64,cooperative,715
11,172.0,83,47,47,64,cooperative,716
11,171.0,84,47,47,64,cooperative,717
11,170.0,84,47,47,64,cooperative,718
11,169.0,84,47,47,64,cooperative,719
11,168.1818181818182,85,47,47,64,cooperative,720
11,167.1818181818182,85,47,47,64,cooperative,721
11,166.1818181818182,85,47,47,64,cooperative,722
11,165.45454545454547,85,47,47,64,cooperative,723
11,164.45454545454547,85,47,47,64,cooperative,724
11,167.1818181818182,85,47,48,64,cooperative,725
11,169.9090909090909,86,47,49,64,cooperative,726
11,169.0,85,47,49,64,cooperative,727
11,168.0,85,47,49,64,cooperative,728
11,167.0,86,47,49,64,cooperative,729
11,166.0,86,47,49,64,cooperative,730
11,165.0,86,47,49,64,cooperative,731
11,164.0,87,47,49,64,cooperative,732
11,166.72727272727272,87,48,49,64,cooperative,733
11,165.72727272727272,87,48,49,64,cooperative,734
11,164.72727272727272,88,48,49,64,cooperative,735
11,163.9090909090909,88,48,49,64,cooperative,736
11,173.36363636363637,88,48,49,65,cooperative,737
11,172.36363636363637,89,48,49,65,cooperative,738
11,171.36363636363637,89,48,49,65,cooperative,739
11,170.54545454545453,87,48,49,65,cooperative,740
11,169.54545454545453,88,48,49,65,cooperative,741
11,172.27272727272728,88,48,49,66,cooperative,742
11,171.36363636363637,88,48,49,66,cooperative,743
11,170.36363636363637,89,48,49,66,cooperative,744
11,169.36363636363637,89,48,49,66,cooperative,745
11,168.36363636363637,89,48,49,66,cooperative,746
11,167.45454545454547,89,48,49,66,cooperative,747
11,166.45454545454547,89,48,49,66,cooperative,748
11,165.45454545454547,89,48,49,66,cooperative,749
11,164.45454545454547,90,48,49,66,cooperative,750
11,163.45454545454547,90,48,49,66,cooperative,751
11,162.54545454545453,90,48,49,66,cooperative,752
11,161.54545454545453,91,48,49,66,cooperative,753
11,160.54545454545453,91,48,49,66,cooperative,754
11,159.54545454545453,91,48,49,66,cooperative,755
11,162.45454545454547,91,48,50,66,cooperative,756
11,161.45454545454547,91,48,50,66,cooperative,757
11,160.45454545454547,91,48,50,66,cooperative,758
11,159.45454545454547,92,48,50,66,cooperative,759
11,158.54545454545453,91,48,50,66,cooperative,760
11,157.54545454545453,91,48,50,66,cooperative,761
11,156.54545454545453,92,48,50,66,cooperative,762
10,171.2,92,48,50,66,cooperative,763
10,170.2,92,48,50,66,cooperative,764
10,169.2,93,48,50,66,cooperative,765
10,168.3,93,48,50,66,cooperative,766
10,167.3,93,48,50,66,cooperative,767
10,166.3,94,48,50,66,cooperative,768
10,185.4,94,48,50,67,cooperative,769
10,184.6,93,48,50,67,cooperative,770
10,183.7,94,48,50,67,cooperative,771
10,186.8,94,48,50,68,cooperative,772
10,185.8,94,48,50,68,cooperative,773
10,184.9,94,48,50,68,cooperative,774
10,184.0,93,48,50,68,cooperative,775
10,183.0,93,48,50,68,cooperative,776
10,182.0,94,48,50,68,cooperative,777
10,185.1,94,48,51,68,cooperative,778
10,184.1,94,48,51,68,cooperative,779
10,183.1,95,48,51,68,cooperative,780
10,182.1,95,48,51,68,cooperative,781
10,181.1,95,48,51,68,cooperative,782
10,180.1,96,48,51,68,cooperative,783
10,183.3,96,49,51,68,cooperative,784
10,182.3,96,49,51,68,cooperative,785
10,181.4,97,49,51,68,cooperative,786
10,180.4,97,49,51,68,cooperative,787
10,179.5,96,49,51,68,cooperative,788
10,189.6,97,50,51,68,cooperative,789
10,188.7,96,50,51,68,cooperative,790
10,187.7,96,50,51,68,cooperative,791
10,186.7,97,50,51,68,cooperative,792
10,185.7,97,50,51,68,cooperative,793
10,184.7,97,50,51,68,cooperative,794
10,183.7,98,50,51,68,cooperative,795
10,182.8,98,50,51,68,cooperative,796
10,181.8,98,50,51,68,cooperative,797
9,201.0,99,50,51,68,cooperative,798
9,200.0,99,50,51,68,cooperative,799
9,203.66666666666666,98,51,51,68,cooperative,800
9,202.66666666666666,99,51,51,68,cooperative,801
9,201.66666666666666,99,51,51,68,cooperative,802
9,205.22222222222223,99,51,51,69,cooperative,803
9,204.22222222222223,100,51,51,69,cooperative,804
9,203.22222222222223,100,51,51,69,cooperative,805
9,202.22222222222223,100,51,51,69,cooperative,806
9,201.22222222222223,101,51,51,69,cooperative,807
9,200.22222222222223,101,51,51,69,cooperative,808
9,199.22222222222223,101,51,51,69,cooperative,809
9,198.22222222222223,102,51,51,69,cooperative,810
9,197.22222222222223,102,51,51,69,cooperative,811
9,196.22222222222223,102,51,51,69,cooperative,812
9,195.22222222222223,103,51,51,69,cooperative,813
9,194.22222222222223,103,51,51,69,cooperative,814
9,193.22222222222223,103,51,51,69,cooperative,815
9,192.22222222222223,104,51,51,69,cooperative,816
9,191.22222222222223,104,51,51,69,cooperative,817
9,190.22222222222223,104,51,51,69,cooperative,818
9,189.33333333333334,105,51,51,69,cooperative,819
9,188.33333333333334,105,51,51,69,cooperative,820
9,187.33333333333334,105,51,51,69,cooperative,821
9,186.33333333333334,106,51,51,69,cooperative,822
9,185.44444444444446,105,51,51,69,cooperative,823
9,184.44444444444446,105,51,51,69,cooperative,824
9,183.55555555555554,106,51,51,69,cooperative,825
9,182.55555555555554,106,51,51,69,cooperative,826
9,181.55555555555554,106,51,51,69,cooperative,827
9,180.55555555555554,107,51,51,69,cooperative,828
9,179.66666666666666,106,51,51,69,cooperative,829
9,178.66666666666666,106,51,51,69,cooperative,830
9,177.66666666666666,107,51,51,69,cooperative,831
9,176.66666666666666,107,51,51,69,cooperative,832
9,180.22222222222223,107,52,51,69,cooperative,833
9,179.44444444444446,108,52,51,69,cooperative,834
9,178.44444444444446,108,52,51,69,cooperative,835
9,177.44444444444446,108,52,51,69,cooperative,836
9,176.44444444444446,109,52,51,69,cooperative,837
9,175.66666666666666,107,52,51,69,cooperative,838
9,174.66666666666666,107,52,51,69,cooperative,839
9,173.66666666666666,108,52,51,69,cooperative,840
9,172.77777777777777,108,52,51,69,cooperative,841
9,171.77777777777777,108,52,51,69,cooperative,842
9,170.77777777777777,109,52,51,69,cooperative,843
9,169.77777777777777,109,52,51,69,cooperative,844
9,168.88888888888889,108,52,51,69,cooperative,845
9,167.88888888888889,109,52,51,69,cooperative,846
9,166.88888888888889,109,52,51,69,cooperative,847
9,165.88888888888889,109,52,51,69,cooperative,848
9,169.44444444444446,110,53,51,69,cooperative,849
9,168.44444444444446,110,53,51,69,cooperative,850
9,167.44444444444446,110,53,51,69,cooperative,851
9,166.44444444444446,111,53,51,69,cooperative,852
9,165.44444444444446,111,53,51,69,cooperative,853
9,164.55555555555554,111,53,51,69,cooperative,854
9,163.55555555555554,112,53,51,69,cooperative,855
9,202.77777777777777,112,53,52,70,cooperative,856
9,201.88888888888889,112,53,52,70,cooperative,857
9,205.55555555555554,112,53,53,70,cooperative,858
9,204.55555555555554,112,53,53,70,cooperative,859
9,203.55555555555554,112,53,53,70,cooperative,860
9,202.66666666666666,112,53,53,70,cooperative,861
9,201.66666666666666,112,53,53,70,cooperative,862
9,200.66666666666666,112,53,53,70,cooperative,863
9,199.66666666666666,113,53,53,70,cooperative,864
9,198.77777777777777,113,53,53,70,cooperative,865
9,197.77777777777777,113,53,53,70,cooperative,866
9,196.77777777777777,114,53,53,70,cooperative,867
9,195.77777777777777,114,53,53,70,cooperative,868
9,194.88888888888889,113,53,53,70,cooperative,869
9,193.88888888888889,114,53,53,70,cooperative,870
9,192.88888888888889,114,53,53,70,cooperative,871
9,202.44444444444446,114,53,53,71,cooperative,872
9,201.44444444444446,115,53,53,71,cooperative,873
9,200.44444444444446,115,53,53,71,cooperative,874
9,199.44444444444446,115,53,53,71,cooperative,875
9,198.44444444444446,116,53,53,71,cooperative,876
9,197.44444444444446,116,53,53,71,cooperative,877
9,196.44444444444446,116,53,53,71,cooperative,878
9,195.44444444444446,117,53,53,71,cooperative,879
9,194.44444444444446,117,53,53,71,cooperative,880
9,193.44444444444446,117,53,53,71,cooperative,881
9,214.77777777777777,118,53,54,71,cooperative,882
9,213.77777777777777,118,53,54,71,cooperative,883
9,212.77777777777777,118,53,54,71,cooperative,884
9,211.77777777777777,119,53,54,71,cooperative,885
9,210.77777777777777,119,53,54,71,cooperative,886
9,209.77777777777777,119,53,54,71,cooperative,887
9,208.88888888888889,120,53,54,71,cooperative,888
9,207.88888888888889,120,53,54,71,cooperative,889
9,206.88888888888889,120,53,54,71,cooperative,890
9,205.88888888888889,121,53,54,71,cooperative,891
9,205.0,120,53,54,71,cooperative,892
9,204.0,120,53,54,71,cooperative,893
9,203.0,121,53,54,71,cooperative,894
9,202.0,121,53,54,71,cooperative,895
9,205.66666666666666,121,53,54,72,cooperative,896
9,207.22222222222223,122,53,54,73,cooperative,897
9,206.22222222222223,122,53,54,73,cooperative,898
9,209.77777777777777,122,54,54,73,cooperative,899
9,208.88888888888889,122,54,54,73,cooperative,900
9,207.88888888888889,122,54,54,73,cooperative,901
9,206.88888888888889,122,54,54,73,cooperative,902
9,205.88888888888889,123,54,54,73,cooperative,903
9,205.0,123,54,54,73,cooperative,904
9,204.0,123,54,54,73,cooperative,905
9,203.0,124,54,54,73,cooperative,906
9,202.0,124,54,54,73,cooperative,907
9,201.11111111111111,123,54,54,73,cooperative,908
9,200.11111111111111,124,54,54,73,cooperative,909
9,199.11111111111111,124,54,54,73,cooperative,910
9,198.11111111111111,124,54,54,73,cooperative,911
9,197.11111111111111,125,54,54,73,cooperative,912
9,196.11111111111111,125,54,54,73,cooperative,913
9,195.22222222222223,125,54,54,73,cooperative,914
9,194.22222222222223,126,54,54,73,cooperative,915
9,193.33333333333334,126,54,54,73,cooperative,916
9,192.33333333333334,126,54,54,73,cooperative,917
9,191.44444444444446,126,54,54,73,cooperative,918
9,190.44444444444446,126,54,54,73,cooperative,919
9,189.55555555555554,125,54,54,73,cooperative,920
9,188.77777777777777,126,54,54,73,cooperative,921
9,187.77777777777777,126,54,54,73,cooperative,922
9,191.33333333333334,126,55,54,73,cooperative,923
9,190.33333333333334,127,55,54,73,cooperative,924
9,189.55555555555554,125,55,54,73,cooperative,925
9,188.55555555555554,125,55,54,73,cooperative,926
9,187.55555555555554,126,55,54,73,cooperative,927
9,186.55555555555554,126,55,54,73,cooperative,928
9,185.55555555555554,126,55,54,73,cooperative,929
9,184.55555555555554,127,55,54,73,cooperative,930
9,197.66666666666666,127,55,55,73,cooperative,931
9,196.77777777777777,127,55,55,73,cooperative,932
9,195.77777777777777,128,55,55,73,cooperative,933
9,199.33333333333334,128,55,56,73,cooperative,934
9,198.44444444444446,127,55,56,73,cooperative,935
9,197.44444444444446,128,55,56,73,cooperative,936
9,196.44444444444446,128,55,56,73,cooperative,937
9,196.0,128,55,57,73,cooperative,938
9,195.0,129,55,57,73,cooperative,939
9,194.0,129,55,57,73,cooperative,940
9,193.0,129,55,57,73,cooperative,941
9,192.0,130,55,57,73,cooperative,942
9,191.11111111111111,130,55,57,73,cooperative,943
9,190.11111111111111,130,55,57,73,cooperative,944
9,189.11111111111111,131,55,57,73,cooperative,945
9,188.11111111111111,131,55,57,73,cooperative,946
9,187.22222222222223,130,55,57,73,cooperative,947
9,199.88888888888889,131,55,57,74,cooperative,948
9,198.88888888888889,131,55,57,74,cooperative,949
9,197.88888888888889,131,55,57,74,cooperative,950
9,196.88888888888889,132,55,57,74,cooperative,951
9,195.88888888888889,132,55,57,74,cooperative,952
9,194.88888888888889,132,55,57,74,cooperative,953
9,193.88888888888889,133,55,57,74,cooperative,954
9,193.0,133,55,57,74,cooperative,955
9,192.0,133,55,57,74,cooperative,956
9,191.0,134,55,57,74,cooperative,957
9,190.0,134,55,57,74,cooperative,958
9,189.22222222222223,133,55,57,74,cooperative,959
9,188.22222222222223,134,55,57,74,cooperative,960
9,187.22222222222223,134,55,57,74,cooperative,961
9,186.22222222222223,134,55,57,74,cooperative,962
9,185.33333333333334,134,55,57,74,cooperative,963
9,184.33333333333334,134,55,57,74,cooperative,964
9,183.33333333333334,134,55,57,74,cooperative,965
9,182.33333333333334,135,55,57,74,cooperative,966
9,203.66666666666666,135,55,57,75,cooperative,967
9,207.22222222222223,135,55,58,75,cooperative,968
9,206.22222222222223,136,55,58,75,cooperative,969
9,205.22222222222223,136,55,58,75,cooperative,970
9,204.33333333333334,136,55,58,75,cooperative,971
9,203.44444444444446,137,55,58,75,cooperative,972
9,202.44444444444446,137,55,58,75,cooperative,973
9,201.44444444444446,137,55,58,75,cooperative,974
9,200.55555555555554,137,55,58,75,cooperative,975
9,199.66666666666666,136,55,58,75,cooperative,976
9,207.88888888888889,136,55,58,77,cooperative,977
9,207.0,137,55,58,77,cooperative,978
9,206.0,137,55,58,77,cooperative,979
9,205.0,137,55,58,77,cooperative,980
9,208.66666666666666,137,56,58,77,cooperative,981
9,207.77777777777777,136,56,58,77,cooperative,982
9,206.77777777777777,136,56,58,77,cooperative,983
9,205.77777777777777,137,56,58,77,cooperative,984
9,204.77777777777777,137,56,58,77,cooperative,985
9,203.77777777777777,137,56,58,77,cooperative,986
9,202.77777777777777,138,56,58,77,cooperative,987
9,201.77777777777777,138,56,58,77,cooperative,988
9,200.77777777777777,138,56,58,77,cooperative,989
9,199.77777777777777,139,56,58,77,cooperative,990
9,198.77777777777777,139,56,58,77,cooperative,991
9,197.77777777777777,139,56,58,77,cooperative,992
9,196.77777777777777,140,56,58,77,cooperative,993
9,200.33333333333334,140,56,59,77,cooperative,994
9,203.88888888888889,140,57,59,77,cooperative,995
9,203.0,141,57,59,77,cooperative,996
9,202.0,141,57,59,77,cooperative,997
9,201.11111111111111,141,57,59,77,cooperative,998
9,200.11111111111111,142,57,59,77,cooperative,999
90,299.1666666666667,16,0,0,0,saphesia,0
90,298.2111111111111,16,0,0,0,saphesia,1
90,297.25555555555553,14,0,0,0,saphesia,2
90,296.3333333333333,10,0,0,0,saphesia,3
90,295.43333333333334,8,0,0,0,saphesia,4
90,294.4888888888889,5,0,0,0,saphesia,5
90,293.52222222222224,6,0,0,0,saphesia,6
90,292.5444444444444,6,0,0,0,saphesia,7
90,291.56666666666666,5,0,0,0,saphesia,8
90,290.5888888888889,5,0,0,0,saphesia,9
90,289.6,5,0,0,0,saphesia,10
90,288.6,5,0,0,0,saphesia,11
90,287.6111111111111,5,0,0,0,saphesia,12
90,286.6111111111111,5,0,0,0,saphesia,13
90,285.6222222222222,5,0,0,0,saphesia,14
90,284.6333333333333,6,0,0,0,saphesia,15
90,283.6333333333333,6,0,0,0,saphesia,16
90,282.6333333333333,6,0,0,0,saphesia,17
90,281.8333333333333,7,0,0,1,saphesia,18
90,280.85555555555555,6,0,0,1,saphesia,19
90,280.0777777777778,6,0,0,2,saphesia,20
90,279.0888888888889,7,0,0,2,saphesia,21
90,278.3333333333333,6,0,0,3,saphesia,22
90,277.34444444444443,5,0,0,3,saphesia,23
90,276.3888888888889,4,0,0,3,saphesia,24
90,275.4,4,0,0,3,saphesia,25
90,274.4,4,0,0,3,saphesia,26
90,273.4111111111111,4,0,0,3,saphesia,27
90,272.43333333333334,4,0,0,3,saphesia,28
90,271.44444444444446,4,0,0,3,saphesia,29
90,271.0888888888889,5,2,0,3,saphesia,30
90,270.0888888888889,5,2,0,3,saphesia,31
90,269.44444444444446,4,2,0,4,saphesia,32
90,268.4555555555556,5,2,0,4,saphesia,33
90,267.4555555555556,5,2,0,4,saphesia,34
90,266.4555555555556,5,2,0,4,saphesia,35
90,266.24444444444447,6,3,0,5,saphesia,36
90,265.65555555555557,5,3,1,5,saphesia,37
90,265.4888888888889,5,5,1,5,saphesia,38
90,264.4888888888889,6,5,1,5,saphesia,39
90,263.93333333333334,5,6,1,5,saphesia,40
90,263.3777777777778,5,6,2,5,saphesia,41
90,262.4,5,6,2,5,saphesia,42
90,261.4,5,6,2,5,saphesia,43
90,260.4,5,6,2,5,saphesia,44
90,259.4,6,6,2,5,saphesia,45
90,258.4111111111111,5,6,2,5,saphesia,46
90,257.4222222222222,5,6,2,5,saphesia,47
90,256.43333333333334,6,6,2,5,saphesia,48
90,255.43333333333334,6,6,2,5,saphesia,49
90,254.88888888888889,6,6,3,5,saphesia,50
90,253.9111111111111,6,6,3,5,saphesia,51
90,252.93333333333334,5,6,3,5,saphesia,52
90,252.38888888888889,5,6,3,6,saphesia,53
90,252.0222222222222,5,6,3,7,saphesia,54
90,251.0222222222222,5,6,3,7,saphesia,55
90,250.03333333333333,5,6,3,7,saphesia,56
90,249.04444444444445,5,6,3,7,saphesia,57
90,248.5222222222222,5,6,3,8,saphesia,58
90,247.98888888888888,5,6,4,8,saphesia,59
90,247.63333333333333,6,6,5,8,saphesia,60
90,246.88888888888889,6,6,5,9,saphesia,61
90,246.8,6,7,5,10,saphesia,62
90,246.51111111111112,5,7,6,10,saphesia,63
90,245.96666666666667,5,7,7,10,saphesia,64
90,245.0,5,7,7,10,saphesia,65
90,244.0,6,7,7,10,saphesia,66
90,243.0,6,7,7,10,saphesia,67
90,242.0,6,7,7,10,saphesia,68
90,241.03333333333333,5,7,7,10,saphesia,69
90,240.03333333333333,5,7,7,10,saphesia,70
90,239.03333333333333,5,7,7,10,saphesia,71
90,238.82222222222222,6,7,7,11,saphesia,72
90,237.82222222222222,6,7,7,11,saphesia,73
90,236.82222222222222,6,7,7,11,saphesia,74
90,236.3,7,7,8,11,saphesia,75
90,235.72222222222223,7,7,8,12,saphesia,76
90,234.73333333333332,7,7,8,12,saphesia,77
90,234.2,7,7,8,13,saphesia,78
90,233.2111111111111,7,7,8,13,saphesia,79
90,232.23333333333332,5,7,8,13,saphesia,80
90,231.24444444444444,6,7,8,13,saphesia,81
90,230.24444444444444,6,7,8,13,saphesia,82
90,229.24444444444444,6,7,8,13,saphesia,83
90,228.26666666666668,7,7,8,13,saphesia,84
90,227.92222222222222,7,7,8,14,saphesia,85
90,226.92222222222222,7,7,8,14,saphesia,86
90,226.4,7,8,8,14,saphesia,87
90,226.37777777777777,7,9,8,14,saphesia,88
90,225.84444444444443,7,10,8,14,saphesia,89
90,224.85555555555555,8,10,8,14,saphesia,90
90,223.87777777777777,7,10,8,14,saphesia,91
90,223.27777777777777,7,10,9,14,saphesia,92
90,222.3,6,10,9,14,saphesia,93
90,221.3,6,10,9,14,saphesia,94
90,220.3111111111111,6,10,9,14,saphesia,95
90,219.3111111111111,7,10,9,14,saphesia,96
90,218.76666666666668,7,11,9,14,saphesia,97
90,217.76666666666668,7,11,9,14,saphesia,98
90,217.86666666666667,8,11,9,15,saphesia,99
90,216.86666666666667,8,11,9,15,saphesia,100
90,215.86666666666667,8,11,9,15,saphesia,101
90,214.9111111111111,8,11,9,15,saphesia,102
90,213.9111111111111,8,11,9,15,saphesia,103
90,212.92222222222222,8,11,9,15,saphesia,104
90,211.94444444444446,8,11,9,15,saphesia,105
90,211.42222222222222,7,11,9,16,saphesia,106
90,211.34444444444443,7,12,10,16,saphesia,107
90,210.37777777777777,7,12,10,16,saphesia,108
90,210.57777777777778,7,12,11,16,saphesia,109
90,209.9777777777778,7,13,11,16,saphesia,110
90,209.01111111111112,7,13,11,16,saphesia,111
90,208.01111111111112,7,13,11,16,saphesia,112
90,207.03333333333333,6,13,11,16,saphesia,113
90,206.04444444444445,7,13,11,16,saphesia,114
90,205.04444444444445,7,13,11,16,saphesia,115
90,204.5,7,13,12,16,saphesia,116
90,203.5222222222222,8,13,12,16,saphesia,117
90,202.53333333333333,7,13,12,16,saphesia,118
90,202.8111111111111,7,13,12,17,saphesia,119
90,201.82222222222222,8,13,12,17,saphesia,120
90,201.2888888888889,8,14,12,17,saphesia,121
90,200.2888888888889,8,14,12,17,saphesia,122
90,199.3111111111111,8,14,12,17,saphesia,123
90,198.32222222222222,7,14,12,17,saphesia,124
90,197.32222222222222,7,14,12,17,saphesia,125
90,196.33333333333334,7,14,12,17,saphesia,126
90,195.33333333333334,7,14,12,17,saphesia,127
90,194.8,7,14,13,17,saphesia,128
90,193.82222222222222,8,14,13,17,saphesia,129
90,193.27777777777777,8,14,13,18,saphesia,130
90,193.72222222222223,8,15,13,18,saphesia,131
90,192.74444444444444,7,15,13,18,saphesia,132
90,191.76666666666668,7,15,13,18,saphesia,133
90,191.22222222222223,7,15,14,18,saphesia,134
90,190.24444444444444,6,15,14,18,saphesia,135
90,190.72222222222223,6,16,14,18,saphesia,136
90,189.73333333333332,5,16,14,18,saphesia,137
90,188.73333333333332,6,16,14,18,saphesia,138
90,188.2111111111111,6,17,14,18,saphesia,139
90,187.2111111111111,6,17,14,18,saphesia,140
90,186.66666666666666,7,18,14,18,saphesia,141
90,185.6888888888889,7,18,14,18,saphesia,142
90,184.73333333333332,5,18,14,18,saphesia,143
90,183.73333333333332,6,18,14,18,saphesia,144
90,183.1888888888889,6,18,14,19,saphesia,145
90,182.2111111111111,5,18,14,19,saphesia,146
90,181.23333333333332,5,18,14,19,saphesia,147
90,180.24444444444444,5,18,14,19,saphesia,148
90,179.24444444444444,5,18,14,19,saphesia,149
90,178.27777777777777,6,18,14,19,saphesia,150
90,177.27777777777777,6,18,14,19,saphesia,151
90,176.3111111111111,4,18,14,19,saphesia,152
90,175.3111111111111,5,18,14,19,saphesia,153
90,176.48888888888888,5,18,14,21,saphesia,154
90,175.48888888888888,5,18,14,21,saphesia,155
90,174.53333333333333,6,18,14,21,saphesia,156
90,173.53333333333333,6,18,14,21,saphesia,157
90,172.54444444444445,5,18,14,21,saphesia,158
90,173.34444444444443,5,18,15,21,saphesia,159
90,172.83333333333334,5,19,15,21,saphesia,160
90,171.83333333333334,5,19,15,21,saphesia,161
90,170.85555555555555,5,19,15,21,saphesia,162
90,171.64444444444445,5,19,16,21,saphesia,163
90,170.65555555555557,5,19,16,21,saphesia,164
90,170.11111111111111,6,20,16,21,saphesia,165
90,169.11111111111111,6,20,16,21,saphesia,166
90,168.11111111111111,6,20,16,21,saphesia,167
90,167.11111111111111,7,20,16,21,saphesia,168
90,166.11111111111111,7,20,16,21,saphesia,169
90,165.11111111111111,7,20,16,21,saphesia,170
90,164.13333333333333,8,20,16,21,saphesia,171
90,165.04444444444445,8,21,16,21,saphesia,172
90,164.04444444444445,8,21,16,21,saphesia,173
90,163.05555555555554,8,21,16,21,saphesia,174
90,162.0888888888889,8,21,16,21,saphesia,175
90,161.1,8,21,16,21,saphesia,176
90,160.11111111111111,9,21,16,21,saphesia,177
90,159.5888888888889,9,21,17,21,saphesia,178
90,158.61111111111111,8,21,17,21,saphesia,179
90,157.63333333333333,8,21,17,21,saphesia,180
90,158.15555555555557,8,21,18,21,saphesia,181
90,157.63333333333333,8,21,18,22,saphesia,182
90,156.64444444444445,8,21,18,22,saphesia,183
90,155.64444444444445,8,21,18,22,saphesia,184
90,154.64444444444445,8,21,18,22,saphesia,185
90,153.65555555555557,9,21,18,22,saphesia,186
90,152.65555555555557,9,21,18,22,saphesia,187
90,152.11111111111111,9,22,18,22,saphesia,188
90,151.11111111111111,10,22,18,22,saphesia,189
90,150.13333333333333,9,22,18,22,saphesia,190
90,151.72222222222223,9,23,19,22,saphesia,191
90,152.34444444444443,10,24,19,22,saphesia,192
90,151.8111111111111,10,25,19,22,saphesia,193
90,150.82222222222222,9,25,19,22,saphesia,194
90,149.82222222222222,10,25,19,22,saphesia,195
90,148.82222222222222,10,25,19,22,saphesia,196
90,147.83333333333334,10,25,19,22,saphesia,197
90,146.83333333333334,11,25,19,22,saphesia,198
90,145.84444444444443,11,25,19,22,saphesia,199
90,144.84444444444443,11,25,19,22,saphesia,200
90,143.84444444444443,12,25,19,22,saphesia,201
90,142.84444444444443,12,25,19,22,saphesia,202
90,141.86666666666667,11,25,19,22,saphesia,203
90,140.86666666666667,12,25,19,22,saphesia,204
90,139.86666666666667,12,25,19,22,saphesia,205
90,138.86666666666667,12,25,19,22,saphesia,206
90,137.87777777777777,12,25,19,22,saphesia,207
90,139.11111111111111,12,25,20,22,saphesia,208
90,138.11111111111111,12,25,20,22,saphesia,209
90,137.11111111111111,13,25,20,22,saphesia,210
90,136.11111111111111,13,25,20,22,saphesia,211
90,137.34444444444443,13,25,21,22,saphesia,212
90,136.34444444444443,14,25,21,22,saphesia,213
90,135.35555555555555,14,25,21,22,saphesia,214
90,134.35555555555555,14,25,21,22,saphesia,215
90,133.4,15,25,21,22,saphesia,216
90,132.42222222222222,15,25,21,22,saphesia,217
90,131.43333333333334,14,25,21,22,saphesia,218
90,130.44444444444446,14,25,21,22,saphesia,219
90,129.4777777777778,14,25,21,22,saphesia,220
90,128.5,14,25,21,22,saphesia,221
90,127.53333333333333,15,25,21,22,saphesia,222
90,128.76666666666668,15,25,22,22,saphesia,223
90,127.76666666666667,15,25,22,22,saphesia,224
90,126.76666666666667,16,25,22,22,saphesia,225
90,125.82222222222222,14,25,22,22,saphesia,226
90,126.0111111111111,14,25,23,22,saphesia,227
90,127.26666666666667,15,25,24,22,saphesia,228
90,126.27777777777777,15,25,24,22,saphesia,229
90,127.36666666666666,13,25,25,22,saphesia,230
90,128.61111111111111,14,25,26,22,saphesia,231
90,129.16666666666666,13,25,26,23,saphesia,232
90,128.17777777777778,12,25,26,23,saphesia,233
90,127.2,13,25,26,23,saphesia,234
90,126.2,13,25,26,23,saphesia,235
90,125.2,13,25,26,23,saphesia,236
90,126.43333333333334,14,26,26,23,saphesia,237
90,125.45555555555555,13,26,26,23,saphesia,238
90,124.45555555555555,13,26,26,23,saphesia,239
90,123.46666666666667,14,26,26,23,saphesia,240
90,122.47777777777777,14,26,26,23,saphesia,241
90,123.71111111111111,14,27,26,23,saphesia,242
90,122.72222222222223,14,27,26,23,saphesia,243
90,121.72222222222223,14,27,26,23,saphesia,244
90,122.96666666666667,14,27,27,23,saphesia,245
90,124.24444444444444,15,27,27,24,saphesia,246
90,123.24444444444444,15,27,27,24,saphesia,247
90,122.25555555555556,15,27,27,24,saphesia,248
90,121.26666666666667,15,27,27,24,saphesia,249
90,120.3,15,27,27,24,saphesia,250
90,121.53333333333333,15,27,28,24,saphesia,251
90,121.2,16,28,28,24,saphesia,252
90,120.2,16,28,28,24,saphesia,253
90,119.2,16,28,28,24,saphesia,254
90,118.2,17,28,28,24,saphesia,255
90,119.44444444444444,17,28,29,24,saphesia,256
90,118.44444444444444,17,28,29,24,saphesia,257
90,117.45555555555555,18,28,29,24,saphesia,258
90,116.45555555555555,18,28,29,24,saphesia,259
90,117.7,17,29,29,24,saphesia,260
90,116.71111111111111,18,29,29,24,saphesia,261
90,115.72222222222223,17,29,29,24,saphesia,262
90,114.73333333333333,16,29,29,24,saphesia,263
90,113.77777777777777,17,29,29,24,saphesia,264
90,112.8,17,29,29,24,saphesia,265
90,111.81111111111112,16,29,29,24,saphesia,266
90,110.82222222222222,17,29,29,24,saphesia,267
90,109.84444444444445,17,29,29,24,saphesia,268
90,108.86666666666666,16,29,29,24,saphesia,269
90,107.86666666666666,17,29,29,24,saphesia,270
90,109.1,17,29,30,24,saphesia,271
90,108.1,17,29,30,24,saphesia,272
90,107.12222222222222,18,29,30,24,saphesia,273
90,106.12222222222222,18,29,30,24,saphesia,274
90,107.35555555555555,18,30,30,24,saphesia,275
90,106.37777777777778,19,30,30,24,saphesia,276
90,105.41111111111111,18,30,30,24,saphesia,277
90,106.64444444444445,18,30,31,24,saphesia,278
90,107.87777777777778,19,31,31,24,saphesia,279
90,109.14444444444445,18,32,31,24,saphesia,280
90,108.16666666666667,18,32,31,24,saphesia,281
90,107.16666666666667,19,32,31,24,saphesia,282
90,106.16666666666667,19,32,31,24,saphesia,283
90,105.17777777777778,18,32,31,24,saphesia,284
90,104.2,18,32,31,24,saphesia,285
90,105.43333333333334,18,32,31,25,saphesia,286
90,104.43333333333334,18,32,31,25,saphesia,287
90,103.44444444444444,19,32,31,25,saphesia,288
90,102.46666666666667,18,32,31,25,saphesia,289
90,101.46666666666667,18,32,31,25,saphesia,290
90,100.47777777777777,19,32,31,25,saphesia,291
90,101.74444444444444,18,32,31,26,saphesia,292
90,100.75555555555556,17,32,31,26,saphesia,293
90,102.0111111111111,18,33,31,26,saphesia,294
90,101.02222222222223,17,33,31,26,saphesia,295
90,100.05555555555556,16,33,31,26,saphesia,296
90,101.28888888888889,17,33,32,26,saphesia,297
90,100.31111111111112,15,33,32,26,saphesia,298
90,99.31111111111112,15,33,32,26,saphesia,299
81,109.35802469135803,16,33,32,26,saphesia,300
81,108.35802469135803,16,33,32,26,saphesia,301
70,127.25714285714285,16,33,32,27,saphesia,302
70,129.15714285714284,17,33,33,27,saphesia,303
65,138.1076923076923,17,33,33,27,saphesia,304
65,137.1076923076923,17,33,33,27,saphesia,305
65,136.1076923076923,18,33,33,27,saphesia,306
65,135.13846153846154,17,33,33,27,saphesia,307
65,134.15384615384616,17,33,33,27,saphesia,308
65,133.15384615384616,18,33,33,27,saphesia,309
65,132.15384615384616,18,33,33,27,saphesia,310
65,134.24615384615385,18,33,34,27,saphesia,311
65,136.35384615384615,19,33,35,27,saphesia,312
65,135.35384615384615,19,33,35,27,saphesia,313
65,134.36923076923077,18,33,35,27,saphesia,314
65,133.3846153846154,19,33,35,27,saphesia,315
65,132.4,19,33,35,27,saphesia,316
65,131.4,19,33,35,27,saphesia,317
65,133.52307692307693,19,33,36,27,saphesia,318
65,132.52307692307693,19,33,36,27,saphesia,319
65,131.53846153846155,18,33,36,27,saphesia,320
64,135.734375,19,34,36,27,saphesia,321
64,135.390625,18,34,36,28,saphesia,322
64,134.390625,18,34,36,28,saphesia,323
64,133.390625,19,34,36,28,saphesia,324
64,132.40625,19,34,36,28,saphesia,325
64,131.40625,19,34,36,28,saphesia,326
64,130.421875,20,34,36,28,saphesia,327
64,129.421875,20,34,36,28,saphesia,328
64,129.078125,19,34,36,29,saphesia,329
64,128.09375,20,34,36,29,saphesia,330
64,127.109375,19,34,36,29,saphesia,331
64,126.109375,19,34,36,29,saphesia,332
63,127.11111111111111,20,34,36,29,saphesia,333
63,126.12698412698413,19,34,36,29,saphesia,334
63,125.12698412698413,19,34,36,29,saphesia,335
63,127.88888888888889,20,35,37,29,saphesia,336
62,132.19354838709677,20,36,37,29,saphesia,337
61,133.36065573770492,20,36,37,29,saphesia,338
61,132.4262295081967,21,36,37,29,saphesia,339
61,134.72131147540983,21,37,37,29,saphesia,340
61,133.7377049180328,21,37,37,29,saphesia,341
61,132.7377049180328,22,37,37,29,saphesia,342
59,136.3050847457627,20,37,37,29,saphesia,343
59,135.3050847457627,20,37,37,29,saphesia,344
54,146.85185185185185,21,37,37,29,saphesia,345
54,145.85185185185185,21,37,37,29,saphesia,346
51,153.45098039215685,21,37,37,29,saphesia,347
51,152.47058823529412,22,37,37,29,saphesia,348
51,151.47058823529412,22,37,37,29,saphesia,349
51,150.47058823529412,22,37,37,29,saphesia,350
50,152.5,22,37,37,30,saphesia,351
50,154.4,21,37,38,30,saphesia,352
50,153.42,21,37,38,30,saphesia,353
50,152.42,22,37,38,30,saphesia,354
50,151.42,22,37,38,30,saphesia,355
50,150.42,22,37,38,30,saphesia,356
50,149.44,22,37,38,30,saphesia,357
50,148.48,22,37,38,30,saphesia,358
50,147.48,22,37,38,30,saphesia,359
50,146.52,23,37,38,30,saphesia,360
50,145.54,23,37,38,30,saphesia,361
50,144.58,21,37,38,30,saphesia,362
50,143.64,21,37,38,30,saphesia,363
50,145.86,20,37,39,30,saphesia,364
50,144.88,20,37,39,30,saphesia,365
49,146.87755102040816,21,37,39,30,saphesia,366
49,145.91836734693877,20,37,39,30,saphesia,367
49,144.91836734693877,20,37,39,30,saphesia,368
49,144.75510204081633,21,38,39,30,saphesia,369
49,144.6326530612245,20,39,39,30,saphesia,370
49,144.46938775510205,20,39,39,31,saphesia,371
49,143.46938775510205,21,39,39,31,saphesia,372
49,142.46938775510205,21,39,39,31,saphesia,373
49,141.46938775510205,21,39,39,31,saphesia,374
49,140.46938775510205,22,39,39,31,saphesia,375
49,139.48979591836735,22,39,39,31,saphesia,376
49,140.18367346938774,22,39,40,32,saphesia,377
49,139.18367346938774,23,39,40,32,saphesia,378
48,141.08333333333334,23,39,40,32,saphesia,379
48,142.875,22,39,41,32,saphesia,380
48,141.89583333333334,23,39,41,32,saphesia,381
48,140.89583333333334,23,39,41,32,saphesia,382
48,139.89583333333334,23,39,41,32,saphesia,383
48,138.89583333333334,24,39,41,32,saphesia,384
48,137.89583333333334,24,39,41,32,saphesia,385
47,139.82978723404256,24,39,41,32,saphesia,386
47,138.85106382978722,25,39,41,32,saphesia,387
46,140.8913043478261,25,39,41,32,saphesia,388
46,139.8913043478261,25,39,41,32,saphesia,389
46,138.8913043478261,26,39,41,32,saphesia,390
46,137.91304347826087,25,39,41,32,saphesia,391
46,136.93478260869566,25,39,41,32,saphesia,392
46,136.0,26,39,41,32,saphesia,393
46,135.8913043478261,26,40,41,32,saphesia,394
46,134.8913043478261,26,40,41,32,saphesia,395
46,136.1304347826087,27,41,41,32,saphesia,396
46,139.3913043478261,24,41,41,33,saphesia,397
46,138.3913043478261,24,41,41,33,saphesia,398
46,137.3913043478261,25,41,41,33,saphesia,399
45,139.44444444444446,25,41,41,33,saphesia,400
45,138.44444444444446,25,41,41,33,saphesia,401
45,137.44444444444446,26,41,41,33,saphesia,402
45,137.35555555555555,26,41,41,34,saphesia,403
45,140.82222222222222,26,42,41,34,saphesia,404
45,139.84444444444443,27,42,41,34,saphesia,405
45,138.86666666666667,27,42,41,34,saphesia,406
45,137.86666666666667,27,42,41,34,saphesia,407
45,136.88888888888889,27,42,41,34,saphesia,408
45,140.37777777777777,27,42,41,35,saphesia,409
45,139.4,26,42,41,35,saphesia,410
45,138.4,27,42,41,35,saphesia,411
44,140.54545454545453,27,42,41,35,saphesia,412
44,139.5681818181818,26,42,41,35,saphesia,413
44,138.5909090909091,27,42,41,35,saphesia,414
44,142.1590909090909,27,43,41,35,saphesia,415
44,141.1590909090909,27,43,41,35,saphesia,416
43,144.3953488372093,28,43,42,35,saphesia,417
43,143.41860465116278,27,43,42,35,saphesia,418
43,142.41860465116278,27,43,42,35,saphesia,419
43,141.46511627906978,28,43,42,35,saphesia,420
43,140.46511627906978,28,43,42,35,saphesia,421
43,139.46511627906978,28,43,42,35,saphesia,422
43,138.48837209302326,29,43,42,35,saphesia,423
43,137.5581395348837,28,43,42,35,saphesia,424
43,137.53488372093022,28,43,43,35,saphesia,425
43,136.5581395348837,28,43,43,35,saphesia,426
43,136.51162790697674,28,43,43,36,saphesia,427
43,135.53488372093022,28,43,43,36,saphesia,428
43,136.02325581395348,28,43,44,36,saphesia,429
43,135.02325581395348,28,43,44,36,saphesia,430
43,134.02325581395348,28,43,44,36,saphesia,431
43,137.69767441860466,29,44,44,36,saphesia,432
43,141.37209302325581,29,45,44,36,saphesia,433
43,140.37209302325581,29,45,44,36,saphesia,434
43,139.3953488372093,30,45,44,36,saphesia,435
43,138.3953488372093,30,45,44,36,saphesia,436
43,137.3953488372093,30,45,44,36,saphesia,437
43,136.3953488372093,31,45,44,36,saphesia,438
43,135.4418604651163,30,45,44,36,saphesia,439
43,134.4418604651163,30,45,44,36,saphesia,440
43,133.4418604651163,31,45,44,36,saphesia,441
43,132.4418604651163,31,45,44,36,saphesia,442
43,131.46511627906978,30,45,44,36,saphesia,443
43,130.53488372093022,31,45,44,36,saphesia,444
43,129.53488372093022,31,45,44,36,saphesia,445
43,128.5581395348837,31,45,44,36,saphesia,446
43,127.6046511627907,31,45,44,36,saphesia,447
43,126.67441860465117,31,45,44,36,saphesia,448
43,125.67441860465117,31,45,44,36,saphesia,449
43,124.72093023255815,30,45,44,36,saphesia,450
43,123.72093023255815,30,45,44,36,saphesia,451
43,122.74418604651163,30,45,44,36,saphesia,452
43,124.48837209302326,31,45,45,36,saphesia,453
43,123.51162790697674,31,45,45,36,saphesia,454
43,122.51162790697674,31,45,45,36,saphesia,455
43,121.51162790697674,32,45,45,36,saphesia,456
43,120.51162790697674,32,45,45,36,saphesia,457
43,119.53488372093024,31,45,45,36,saphesia,458
43,118.53488372093024,32,45,45,36,saphesia,459
42,120.35714285714286,32,45,45,36,saphesia,460
42,124.14285714285714,32,45,45,37,saphesia,461
42,123.14285714285714,33,45,45,37,saphesia,462
42,122.14285714285714,33,45,45,37,saphesia,463
42,124.26190476190476,33,45,45,38,saphesia,464
42,125.80952380952381,34,45,46,38,saphesia,465
42,124.80952380952381,34,45,46,38,saphesia,466
42,123.80952380952381,34,45,46,38,saphesia,467
42,122.80952380952381,35,45,46,38,saphesia,468
42,126.61904761904762,34,46,46,38,saphesia,469
42,125.61904761904762,34,46,46,38,saphesia,470
42,126.04761904761905,35,46,47,38,saphesia,471
42,125.04761904761905,35,46,47,38,saphesia,472
42,124.04761904761905,35,46,47,38,saphesia,473
42,123.04761904761905,36,46,47,38,saphesia,474
42,122.04761904761905,36,46,47,38,saphesia,475
42,121.04761904761905,36,46,47,38,saphesia,476
41,123.0,37,46,47,38,saphesia,477
41,122.0,37,46,47,38,saphesia,478
41,121.0,37,46,47,38,saphesia,479
41,124.90243902439025,38,46,47,39,saphesia,480
41,127.39024390243902,38,47,47,39,saphesia,481
40,129.575,38,47,47,39,saphesia,482
40,128.65,39,47,47,39,saphesia,483
40,127.65,39,47,47,39,saphesia,484
40,126.675,38,47,47,39,saphesia,485
40,125.675,39,47,47,39,saphesia,486
40,124.725,38,47,47,39,saphesia,487
40,123.725,38,47,47,39,saphesia,488
40,122.75,39,47,47,39,saphesia,489
40,121.75,39,47,47,39,saphesia,490
40,120.8,38,47,47,39,saphesia,491
40,119.8,39,47,47,39,saphesia,492
40,118.8,39,47,47,39,saphesia,493
40,117.8,39,47,47,39,saphesia,494
40,116.825,39,47,47,39,saphesia,495
40,115.825,39,47,47,39,saphesia,496
40,114.825,39,47,47,39,saphesia,497
40,113.825,40,47,47,39,saphesia,498
40,112.85,40,47,47,39,saphesia,499
40,111.85,40,47,47,39,saphesia,500
40,114.975,41,47,48,39,saphesia,501
40,113.975,41,47,48,39,saphesia,502
38,124.3157894736842,39,48,48,39,saphesia,503
38,123.34210526315789,40,48,48,39,saphesia,504
36,129.19444444444446,40,48,48,39,saphesia,505
36,128.19444444444446,40,48,48,39,saphesia,506
34,134.73529411764707,41,48,48,39,saphesia,507
34,133.73529411764707,41,48,48,39,saphesia,508
34,132.76470588235293,41,48,48,39,saphesia,509
34,131.7941176470588,42,48,48,39,saphesia,510
33,134.78787878787878,42,48,48,39,saphesia,511
33,137.8181818181818,42,49,48,39,saphesia,512
33,136.84848484848484,42,49,48,39,saphesia,513
33,135.87878787878788,41,49,48,39,saphesia,514
33,134.87878787878788,41,49,48,39,saphesia,515
33,133.87878787878788,42,49,48,39,saphesia,516
33,132.87878787878788,42,49,48,39,saphesia,517
33,133.45454545454547,42,50,48,39,saphesia,518
33,132.5151515151515,43,50,48,39,saphesia,519
33,131.5151515151515,43,50,48,39,saphesia,520
33,130.5151515151515,43,50,48,39,saphesia,521
33,129.57575757575756,43,50,48,39,saphesia,522
33,134.72727272727272,43,50,49,39,saphesia,523
33,133.75757575757575,42,50,49,39,saphesia,524
33,144.93939393939394,43,51,50,39,saphesia,525
33,143.93939393939394,43,51,50,39,saphesia,526
33,142.96969696969697,43,51,50,39,saphesia,527
33,143.21212121212122,44,51,51,39,saphesia,528
33,142.21212121212122,44,51,51,39,saphesia,529
33,141.21212121212122,44,51,51,39,saphesia,530
33,140.27272727272728,45,51,51,39,saphesia,531
33,143.03030303030303,45,52,51,39,saphesia,532
32,146.5625,45,52,51,39,saphesia,533
32,145.625,45,52,51,39,saphesia,534
32,144.6875,44,52,51,39,saphesia,535
30,153.36666666666667,43,52,51,39,saphesia,536
30,152.4,44,52,51,39,saphesia,537
29,156.6551724137931,44,52,51,39,saphesia,538
29,161.79310344827587,44,53,51,39,saphesia,539
29,160.79310344827587,45,53,51,39,saphesia,540
29,159.79310344827587,45,53,51,39,saphesia,541
29,158.82758620689654,45,53,51,39,saphesia,542
29,157.82758620689654,46,53,51,39,saphesia,543
29,156.82758620689654,46,53,51,39,saphesia,544
29,155.82758620689654,46,53,51,39,saphesia,545
29,154.86206896551724,46,53,51,39,saphesia,546
28,159.39285714285714,46,53,51,39,saphesia,547
26,170.65384615384616,46,53,51,39,saphesia,548
26,171.23076923076923,47,53,52,39,saphesia,549
26,170.23076923076923,47,53,52,39,saphesia,550
26,169.23076923076923,47,53,52,39,saphesia,551
26,168.23076923076923,48,53,52,39,saphesia,552
26,167.23076923076923,48,53,52,39,saphesia,553
26,166.23076923076923,48,53,52,39,saphesia,554
26,165.23076923076923,49,53,52,39,saphesia,555
26,164.23076923076923,49,53,52,39,saphesia,556
26,163.23076923076923,49,53,52,39,saphesia,557
26,162.26923076923077,50,53,52,39,saphesia,558
26,161.26923076923077,50,53,52,39,saphesia,559
26,160.26923076923077,50,53,52,39,saphesia,560
26,159.30769230769232,50,53,52,39,saphesia,561
26,158.30769230769232,50,53,52,39,saphesia,562
26,157.30769230769232,50,53,52,39,saphesia,563
26,156.30769230769232,51,53,52,39,saphesia,564
26,155.30769230769232,51,53,52,39,saphesia,565
26,154.30769230769232,51,53,52,39,saphesia,566
26,153.30769230769232,52,53,52,39,saphesia,567
26,152.34615384615384,52,53,52,39,saphesia,568
26,151.3846153846154,52,53,52,39,saphesia,569
26,150.42307692307693,53,53,52,39,saphesia,570
26,149.42307692307693,53,53,52,39,saphesia,571
26,150.03846153846155,52,53,53,39,saphesia,572
25,155.08,52,53,53,39,saphesia,573
25,154.12,51,53,53,39,saphesia,574
25,153.12,51,53,53,39,saphesia,575
24,158.5,52,53,53,39,saphesia,576
24,157.5,52,53,53,39,saphesia,577
24,158.20833333333334,52,53,54,39,saphesia,578
24,157.20833333333334,53,53,54,39,saphesia,579
24,156.20833333333334,53,53,54,39,saphesia,580
24,155.20833333333334,53,53,54,39,saphesia,581
24,154.20833333333334,54,53,54,39,saphesia,582
24,153.20833333333334,54,53,54,39,saphesia,583
24,152.20833333333334,54,53,54,39,saphesia,584
24,152.91666666666666,55,53,54,40,saphesia,585
24,151.95833333333334,55,53,54,40,saphesia,586
24,152.66666666666666,55,53,54,41,saphesia,587
24,151.70833333333334,56,53,54,41,saphesia,588
24,150.70833333333334,56,53,54,41,saphesia,589
24,149.75,55,53,54,41,saphesia,590
22,162.4090909090909,56,53,54,41,saphesia,591
22,161.45454545454547,55,53,54,41,saphesia,592
22,160.45454545454547,55,53,54,41,saphesia,593
22,159.5,56,53,54,41,saphesia,594
22,158.54545454545453,55,53,54,41,saphesia,595
22,157.54545454545453,55,53,54,41,saphesia,596
22,156.54545454545453,56,53,54,41,saphesia,597
22,155.5909090909091,55,53,54,41,saphesia,598
22,154.5909090909091,55,53,54,41,saphesia,599
22,153.5909090909091,56,53,54,41,saphesia,600
22,152.5909090909091,56,53,54,41,saphesia,601
22,151.5909090909091,56,53,54,41,saphesia,602
22,150.5909090909091,57,53,54,41,saphesia,603
22,149.5909090909091,57,53,54,41,saphesia,604
22,150.45454545454547,57,53,54,42,saphesia,605
22,149.45454545454547,58,53,54,42,saphesia,606
22,148.45454545454547,58,53,54,42,saphesia,607
22,149.3181818181818,58,53,54,43,saphesia,608
22,148.3181818181818,59,53,54,43,saphesia,609
22,147.3181818181818,59,53,54,43,saphesia,610
22,146.3181818181818,59,53,54,43,saphesia,611
22,145.3181818181818,60,53,54,43,saphesia,612
22,144.3181818181818,60,53,54,43,saphesia,613
22,143.3181818181818,60,53,54,43,saphesia,614
22,142.3181818181818,61,53,54,43,saphesia,615
22,141.36363636363637,61,53,54,43,saphesia,616
22,142.22727272727272,61,53,54,44,saphesia,617
22,141.27272727272728,62,53,54,44,saphesia,618
22,143.5909090909091,62,54,54,44,saphesia,619
22,142.6818181818182,61,54,54,44,saphesia,620
22,141.6818181818182,62,54,54,44,saphesia,621
22,140.77272727272728,62,54,54,44,saphesia,622
22,139.8181818181818,62,54,54,44,saphesia,623
22,138.86363636363637,62,54,54,44,saphesia,624
22,137.86363636363637,62,54,54,44,saphesia,625
22,136.9090909090909,61,54,54,44,saphesia,626
22,137.8181818181818,62,55,54,44,saphesia,627
22,136.8181818181818,62,55,54,44,saphesia,628
22,137.6818181818182,62,55,55,44,saphesia,629
22,136.6818181818182,63,55,55,44,saphesia,630
22,144.8181818181818,63,56,55,44,saphesia,631
22,143.8181818181818,63,56,55,44,saphesia,632
22,148.22727272727272,64,57,55,44,saphesia,633
21,154.28571428571428,64,57,55,44,saphesia,634
21,153.28571428571428,64,57,55,44,saphesia,635
21,152.28571428571428,65,57,55,44,saphesia,636
21,151.28571428571428,65,57,55,44,saphesia,637
21,150.28571428571428,65,57,55,44,saphesia,638
21,149.33333333333334,66,57,55,44,saphesia,639
21,148.38095238095238,66,57,55,44,saphesia,640
21,147.38095238095238,66,57,55,44,saphesia,641
21,146.38095238095238,67,57,55,44,saphesia,642
21,145.42857142857142,66,57,55,44,saphesia,643
21,144.47619047619048,65,57,55,44,saphesia,644
21,143.47619047619048,66,57,55,44,saphesia,645
21,142.47619047619048,66,57,55,44,saphesia,646
21,141.47619047619048,66,57,55,44,saphesia,647
21,140.47619047619048,67,57,55,44,saphesia,648
21,139.47619047619048,67,57,55,44,saphesia,649
21,138.47619047619048,67,57,55,44,saphesia,650
21,137.47619047619048,68,57,55,44,saphesia,651
21,136.47619047619048,68,57,55,44,saphesia,652
20,142.3,68,57,55,44,saphesia,653
20,141.35,69,57,55,44,saphesia,654
20,140.35,69,57,55,44,saphesia,655
20,139.4,69,57,55,44,saphesia,656
20,138.4,70,57,55,44,saphesia,657
20,139.5,69,57,56,44,saphesia,658
20,138.5,69,57,56,44,saphesia,659
20,137.55,69,57,56,44,saphesia,660
20,136.55,69,57,56,44,saphesia,661
20,145.6,69,58,56,44,saphesia,662
20,144.6,70,58,56,44,saphesia,663
20,143.6,70,58,56,44,saphesia,664
20,142.6,70,58,56,44,saphesia,665
20,141.6,71,58,56,44,saphesia,666
20,140.6,71,58,56,44,saphesia,667
20,139.65,71,58,56,44,saphesia,668
20,138.65,72,58,56,44,saphesia,669
20,137.65,72,58,56,44,saphesia,670
20,136.65,72,58,56,44,saphesia,671
20,135.7,72,58,56,44,saphesia,672
20,134.7,72,58,56,44,saphesia,673
20,133.7,72,58,56,44,saphesia,674
20,132.75,73,58,56,44,saphesia,675
20,131.8,73,58,56,44,saphesia,676
20,130.8,73,58,56,44,saphesia,677
20,129.85,74,58,56,44,saphesia,678
20,128.9,73,58,56,44,saphesia,679
20,128.0,72,58,56,44,saphesia,680
20,127.05,72,58,56,44,saphesia,681
20,126.05,72,58,56,44,saphesia,682
20,135.1,72,58,56,45,saphesia,683
20,136.2,72,58,57,45,saphesia,684
20,137.25,72,58,58,45,saphesia,685
20,136.25,72,58,58,45,saphesia,686
20,135.25,73,58,58,45,saphesia,687
20,134.25,73,58,58,45,saphesia,688
20,133.25,73,58,58,45,saphesia,689
20,132.25,74,58,58,45,saphesia,690
20,131.25,74,58,58,45,saphesia,691
20,132.3,74,59,58,45,saphesia,692
20,131.3,75,59,58,45,saphesia,693
20,130.3,75,59,58,45,saphesia,694
20,129.3,75,59,58,45,saphesia,695
20,128.3,76,59,58,45,saphesia,696
19,134.05263157894737,76,59,58,45,saphesia,697
19,133.10526315789474,76,59,58,45,saphesia,698
19,132.10526315789474,77,59,58,45,saphesia,699
19,131.10526315789474,77,59,58,45,saphesia,700
19,130.10526315789474,77,59,58,45,saphesia,701
19,129.26315789473685,77,59,58,45,saphesia,702
19,138.31578947368422,77,59,59,45,saphesia,703
19,137.3684210526316,77,59,59,45,saphesia,704
19,136.3684210526316,78,59,59,45,saphesia,705
19,135.47368421052633,76,59,59,45,saphesia,706
19,134.47368421052633,76,59,59,45,saphesia,707
19,135.21052631578948,77,59,59,46,saphesia,708
19,134.21052631578948,77,59,59,46,saphesia,709
19,135.42105263157896,77,60,59,46,saphesia,710
19,134.42105263157896,78,60,59,46,saphesia,711
19,133.42105263157896,78,60,59,46,saphesia,712
19,132.42105263157896,78,60,59,46,saphesia,713
19,131.47368421052633,78,60,59,46,saphesia,714
19,130.47368421052633,78,60,59,46,saphesia,715
19,131.68421052631578,78,61,59,46,saphesia,716
19,130.68421052631578,79,61,59,46,saphesia,717
19,129.68421052631578,79,61,59,46,saphesia,718
19,135.73684210526315,79,61,59,47,saphesia,719
19,134.78947368421052,79,61,59,47,saphesia,720
19,133.78947368421052,79,61,59,47,saphesia,721
19,132.78947368421052,79,61,59,47,saphesia,722
19,131.78947368421052,80,61,59,47,saphesia,723
19,130.78947368421052,80,61,59,47,saphesia,724
19,129.78947368421052,80,61,59,47,saphesia,725
19,128.8421052631579,81,61,59,47,saphesia,726
19,127.84210526315789,81,61,59,47,saphesia,727
19,126.84210526315789,81,61,59,47,saphesia,728
18,132.94444444444446,82,61,59,47,saphesia,729
18,132.0,81,61,59,47,saphesia,730
18,131.0,81,61,59,47,saphesia,731
18,130.0,82,61,59,47,saphesia,732
18,129.05555555555554,82,61,59,47,saphesia,733
18,128.05555555555554,82,61,59,47,saphesia,734
18,130.94444444444446,83,61,59,48,saphesia,735
18,130.0,83,61,59,48,saphesia,736
18,129.0,83,61,59,48,saphesia,737
18,128.0,84,61,59,48,saphesia,738
18,127.0,84,61,59,48,saphesia,739
18,126.05555555555556,83,61,59,48,saphesia,740
18,125.05555555555556,84,61,59,48,saphesia,741
18,124.05555555555556,84,61,59,48,saphesia,742
18,129.83333333333334,84,61,59,49,saphesia,743
18,128.83333333333334,85,61,59,49,saphesia,744
18,127.83333333333333,85,61,59,49,saphesia,745
18,126.83333333333333,85,61,59,49,saphesia,746
18,125.83333333333333,86,61,59,49,saphesia,747
18,124.83333333333333,86,61,59,49,saphesia,748
18,123.83333333333333,86,61,59,49,saphesia,749
18,122.83333333333333,87,61,59,49,saphesia,750
17,135.94117647058823,87,61,59,50,saphesia,751
17,134.94117647058823,87,61,59,50,saphesia,752
17,134.0,88,61,59,50,saphesia,753
17,133.0,88,61,59,50,saphesia,754
17,132.05882352941177,87,61,59,50,saphesia,755
17,131.05882352941177,88,61,59,50,saphesia,756
17,153.76470588235293,87,62,59,51,saphesia,757
17,155.64705882352942,87,62,60,51,saphesia,758
17,154.76470588235293,88,62,60,51,saphesia,759
17,153.8235294117647,88,62,60,51,saphesia,760
17,152.8235294117647,88,62,60,51,saphesia,761
17,151.94117647058823,87,62,60,51,saphesia,762
17,151.0,86,62,60,51,saphesia,763
17,150.05882352941177,86,62,60,51,saphesia,764
17,149.23529411764707,87,62,60,51,saphesia,765
17,148.23529411764707,87,62,60,51,saphesia,766
17,149.64705882352942,87,62,61,51,saphesia,767
17,150.05882352941177,87,62,61,52,saphesia,768
17,149.1764705882353,86,62,61,52,saphesia,769
17,148.1764705882353,86,62,61,52,saphesia,770
17,147.1764705882353,87,62,61,52,saphesia,771
17,160.05882352941177,87,62,61,54,saphesia,772
17,159.11764705882354,87,62,61,54,saphesia,773
17,158.11764705882354,88,62,61,54,saphesia,774
16,167.0,88,62,61,54,saphesia,775
16,166.0,88,62,61,54,saphesia,776
16,173.0,88,62,62,55,saphesia,777
16,172.0,88,62,62,55,saphesia,778
16,171.0,88,62,62,55,saphesia,779
16,170.0,89,62,62,55,saphesia,780
16,169.0625,88,62,62,55,saphesia,781
16,168.0625,88,62,62,55,saphesia,782
16,167.125,89,62,62,55,saphesia,783
16,166.125,89,62,62,55,saphesia,784
16,165.125,89,62,62,55,saphesia,785
16,164.125,90,62,62,55,saphesia,786
16,163.1875,89,62,62,55,saphesia,787
16,162.1875,89,62,62,55,saphesia,788
16,161.1875,90,62,62,55,saphesia,789
16,172.75,90,62,63,55,saphesia,790
16,171.75,90,62,63,55,saphesia,791
16,173.3125,91,63,63,55,saphesia,792
16,172.375,91,63,63,55,saphesia,793
16,171.375,91,63,63,55,saphesia,794
15,181.8,92,63,63,55,saphesia,795
15,180.86666666666667,92,63,63,55,saphesia,796
14,207.14285714285714,92,63,63,56,saphesia,797
14,206.14285714285714,93,63,63,56,saphesia,798
14,205.14285714285714,93,63,63,56,saphesia,799
14,204.21428571428572,92,63,63,56,saphesia,800
14,203.21428571428572,93,63,63,56,saphesia,801
14,202.21428571428572,93,63,63,56,saphesia,802
14,201.21428571428572,93,63,63,56,saphesia,803
14,200.21428571428572,94,63,63,56,saphesia,804
14,199.28571428571428,94,63,63,56,saphesia,805
14,198.28571428571428,94,63,63,56,saphesia,806
14,197.28571428571428,95,63,63,56,saphesia,807
14,196.28571428571428,95,63,63,56,saphesia,808
14,198.71428571428572,94,64,63,56,saphesia,809
14,197.71428571428572,95,64,63,56,saphesia,810
14,196.71428571428572,95,64,63,56,saphesia,811
14,195.78571428571428,95,64,63,56,saphesia,812
14,194.78571428571428,96,64,63,56,saphesia,813
14,193.85714285714286,96,64,63,56,saphesia,814
14,197.14285714285714,96,64,64,56,saphesia,815
13,211.3846153846154,96,64,64,56,saphesia,816
13,210.3846153846154,96,64,64,56,saphesia,817
13,209.46153846153845,95,64,64,56,saphesia,818
13,208.46153846153845,96,64,64,56,saphesia,819
13,207.46153846153845,96,64,64,56,saphesia,820
13,206.46153846153845,96,64,64,56,saphesia,821
13,205.46153846153845,97,64,64,56,saphesia,822
13,204.46153846153845,97,64,64,56,saphesia,823
13,203.46153846153845,97,64,64,56,saphesia,824
13,212.23076923076923,98,64,65,56,saphesia,825
13,214.3846153846154,98,65,65,56,saphesia,826
13,213.3846153846154,98,65,65,56,saphesia,827
13,212.3846153846154,99,65,65,56,saphesia,828
13,211.3846153846154,99,65,65,56,saphesia,829
13,213.53846153846155,99,66,65,56,saphesia,830
13,212.6153846153846,100,66,65,56,saphesia,831
13,211.6153846153846,100,66,65,56,saphesia,832
13,210.6153846153846,100,66,65,56,saphesia,833
13,209.6153846153846,101,66,65,56,saphesia,834
13,208.69230769230768,100,66,65,56,saphesia,835
13,207.69230769230768,100,66,65,56,saphesia,836
13,206.69230769230768,101,66,65,56,saphesia,837
13,205.69230769230768,101,66,65,56,saphesia,838
13,204.76923076923077,101,66,65,56,saphesia,839
13,203.76923076923077,102,66,65,56,saphesia,840
13,202.76923076923077,102,66,65,56,saphesia,841
13,201.76923076923077,102,66,65,56,saphesia,842
13,200.84615384615384,102,66,65,56,saphesia,843
13,199.84615384615384,102,66,65,56,saphesia,844
13,198.84615384615384,102,66,65,56,saphesia,845
13,197.92307692307693,103,66,65,56,saphesia,846
13,200.07692307692307,103,66,65,57,saphesia,847
13,199.07692307692307,103,66,65,57,saphesia,848
13,198.15384615384616,104,66,65,57,saphesia,849
13,197.23076923076923,103,66,65,57,saphesia,850
13,196.23076923076923,103,66,65,57,saphesia,851
13,195.30769230769232,104,66,65,57,saphesia,852
13,194.53846153846155,103,66,65,57,saphesia,853
13,193.53846153846155,103,66,65,57,saphesia,854
13,192.6153846153846,104,66,65,57,saphesia,855
13,191.69230769230768,103,66,65,57,saphesia,856
13,190.84615384615384,103,66,65,57,saphesia,857
13,189.84615384615384,104,66,65,57,saphesia,858
13,188.92307692307693,103,66,65,57,saphesia,859
13,187.92307692307693,103,66,65,57,saphesia,860
13,186.92307692307693,104,66,65,57,saphesia,861
13,185.92307692307693,104,66,65,57,saphesia,862
13,188.07692307692307,104,66,65,58,saphesia,863
13,187.07692307692307,105,66,65,58,saphesia,864
13,186.07692307692307,105,66,65,58,saphesia,865
13,188.23076923076923,105,66,65,59,saphesia,866
13,187.23076923076923,106,66,65,59,saphesia,867
13,200.23076923076923,106,66,65,60,saphesia,868
13,199.23076923076923,106,66,65,60,saphesia,869
13,198.30769230769232,107,66,65,60,saphesia,870
13,197.30769230769232,107,66,65,60,saphesia,871
13,196.30769230769232,107,66,65,60,saphesia,872
13,195.30769230769232,108,66,65,60,saphesia,873
13,194.3846153846154,107,66,65,60,saphesia,874
13,193.46153846153845,107,66,65,60,saphesia,875
13,192.46153846153845,108,66,65,60,saphesia,876
13,194.6153846153846,108,66,66,60,saphesia,877
13,193.6153846153846,108,66,66,60,saphesia,878
13,192.69230769230768,108,66,66,60,saphesia,879
13,191.69230769230768,108,66,66,60,saphesia,880
13,190.69230769230768,108,66,66,60,saphesia,881
13,192.84615384615384,109,66,66,61,saphesia,882
13,191.84615384615384,109,66,66,61,saphesia,883
13,190.84615384615384,109,66,66,61,saphesia,884
13,189.84615384615384,110,66,66,61,saphesia,885
13,188.84615384615384,110,66,66,61,saphesia,886
13,187.84615384615384,110,66,66,61,saphesia,887
13,186.84615384615384,111,66,66,61,saphesia,888
12,201.41666666666666,111,66,66,61,saphesia,889
12,200.41666666666666,111,66,66,61,saphesia,890
12,199.41666666666666,112,66,66,61,saphesia,891
12,205.16666666666666,112,67,66,61,saphesia,892
12,204.16666666666666,112,67,66,61,saphesia,893
12,203.16666666666666,113,67,66,61,saphesia,894
12,202.16666666666666,113,67,66,61,saphesia,895
12,201.16666666666666,113,67,66,61,saphesia,896
12,200.16666666666666,114,67,66,61,saphesia,897
12,199.16666666666666,114,67,66,61,saphesia,898
12,198.16666666666666,114,67,66,61,saphesia,899
12,197.25,115,67,66,61,saphesia,900
12,196.25,115,67,66,61,saphesia,901
12,195.25,115,67,66,61,saphesia,902
12,194.25,116,67,66,61,saphesia,903
12,193.33333333333334,115,67,66,61,saphesia,904
12,192.33333333333334,115,67,66,61,saphesia,905
12,191.33333333333334,116,67,66,61,saphesia,906
12,190.5,116,67,66,61,saphesia,907
12,189.58333333333334,116,67,66,61,saphesia,908
12,188.58333333333334,117,67,66,61,saphesia,909
12,187.58333333333334,117,67,66,61,saphesia,910
12,188.16666666666666,115,68,66,61,saphesia,911
12,187.25,115,68,66,61,saphesia,912
12,186.25,115,68,66,61,saphesia,913
12,185.25,115,68,66,61,saphesia,914
11,201.0909090909091,116,68,66,61,saphesia,915
11,200.0909090909091,116,68,66,61,saphesia,916
11,199.0909090909091,116,68,66,61,saphesia,917
11,198.0909090909091,117,68,66,61,saphesia,918
11,197.0909090909091,117,68,66,61,saphesia,919
11,196.0909090909091,117,68,66,61,saphesia,920
11,198.8181818181818,118,68,67,61,saphesia,921
11,197.8181818181818,118,68,67,61,saphesia,922
11,196.8181818181818,118,68,67,61,saphesia,923
11,195.8181818181818,119,68,67,61,saphesia,924
11,194.8181818181818,119,68,67,61,saphesia,925
11,193.8181818181818,119,68,67,61,saphesia,926
11,192.9090909090909,120,68,67,61,saphesia,927
11,191.9090909090909,120,68,67,61,saphesia,928
11,190.9090909090909,120,68,67,61,saphesia,929
11,189.9090909090909,121,68,67,61,saphesia,930
11,189.0,120,68,67,61,saphesia,931
11,188.0,120,68,67,61,saphesia,932
11,187.0,121,68,67,61,saphesia,933
11,189.8181818181818,121,68,68,61,saphesia,934
11,188.9090909090909,121,68,68,61,saphesia,935
11,188.0,122,68,68,61,saphesia,936
11,187.0,122,68,68,61,saphesia,937
11,186.1818181818182,121,68,68,61,saphesia,938
11,199.0909090909091,121,68,68,62,saphesia,939
11,213.8181818181818,120,68,68,63,saphesia,940
11,212.8181818181818,120,68,68,63,saphesia,941
11,211.9090909090909,121,68,68,63,saphesia,942
11,210.9090909090909,121,68,68,63,saphesia,943
11,217.54545454545453,121,68,68,64,saphesia,944
11,216.54545454545453,122,68,68,64,saphesia,945
11,215.54545454545453,122,68,68,64,saphesia,946
11,214.54545454545453,122,68,68,64,saphesia,947
11,213.54545454545453,123,68,68,64,saphesia,948
11,212.63636363636363,123,68,68,64,saphesia,949
11,227.45454545454547,123,68,69,64,saphesia,950
11,226.45454545454547,124,68,69,64,saphesia,951
11,225.45454545454547,124,68,69,64,saphesia,952
11,224.54545454545453,123,68,69,64,saphesia,953
11,241.8181818181818,124,68,70,64,saphesia,954
11,240.8181818181818,124,68,70,64,saphesia,955
11,239.9090909090909,124,68,70,64,saphesia,956
11,239.0,125,68,70,64,saphesia,957
11,238.0,125,68,70,64,saphesia,958
11,237.0,125,68,70,64,saphesia,959
11,236.0909090909091,125,68,70,64,saphesia,960
11,235.1818181818182,124,68,70,64,saphesia,961
11,234.1818181818182,124,68,70,64,saphesia,962
11,233.1818181818182,125,68,70,64,saphesia,963
11,232.1818181818182,125,68,70,64,saphesia,964
11,231.1818181818182,125,68,70,64,saphesia,965
11,240.1818181818182,126,69,70,64,saphesia,966
11,239.1818181818182,126,69,70,64,saphesia,967
11,238.1818181818182,126,69,70,64,saphesia,968
11,237.1818181818182,127,69,70,64,saphesia,969
11,236.1818181818182,127,69,70,64,saphesia,970
11,235.27272727272728,127,69,70,64,saphesia,971
11,234.27272727272728,128,69,70,64,saphesia,972
11,233.27272727272728,128,69,70,64,saphesia,973
11,232.27272727272728,128,69,70,64,saphesia,974
11,231.36363636363637,128,69,70,64,saphesia,975
11,234.0909090909091,128,69,71,64,saphesia,976
11,233.0909090909091,128,69,71,64,saphesia,977
11,232.0909090909091,129,69,71,64,saphesia,978
11,231.0909090909091,129,69,71,64,saphesia,979
11,230.0909090909091,129,69,71,64,saphesia,980
11,229.1818181818182,130,69,71,64,saphesia,981
11,228.1818181818182,130,69,71,64,saphesia,982
11,230.9090909090909,130,69,72,64,saphesia,983
11,229.9090909090909,131,69,72,64,saphesia,984
11,229.0,130,69,72,64,saphesia,985
11,228.0,130,69,72,64,saphesia,986
11,230.72727272727272,131,69,72,65,saphesia,987
11,229.72727272727272,131,69,72,65,saphesia,988
11,228.8181818181818,131,69,72,65,saphesia,989
11,227.8181818181818,132,69,72,65,saphesia,990
11,226.8181818181818,132,69,72,65,saphesia,991
11,225.8181818181818,132,69,72,65,saphesia,992
11,224.9090909090909,132,69,72,65,saphesia,993
11,223.9090909090909,132,69,72,65,saphesia,994
11,222.9090909090909,132,69,72,65,saphesia,995
11,222.0,133,69,72,65,saphesia,996
11,228.45454545454547,133,70,72,65,saphesia,997
11,227.45454545454547,133,70,72,65,saphesia,998
11,226.45454545454547,134,70,72,65,saphesia,999
